Parameter,Value
c1,0.5898131362943372
c2,1554.8657064046513
c3,0.05695339825307493
c4,0.7842365796607569
c5,1831.4673095243838
c6,714.9688748322264
c7,92.29219304798487
