Parameter,Value
c1,0.7006700670067006
c2,1571.7571757175717
c3,0.006200620062006201
c4,0.6911691169116911
c5,1192.919291929193
c6,682.5682568256825
c7,428.1428142814281
