Parameter,Value
c1,0.8249824982498251
c2,1949.5949594959495
c3,0.08151815181518152
c4,0.5257525752575257
c5,670.8670867086709
c6,813.1813181318131
c7,603.7603760376037
