Parameter,Value
c1,0.7632400018456484
c2,1458.69411831627
c3,0.056781979242035444
c4,0.5287720512165027
c5,1728.1098852059383
c6,880.1028797845419
c7,62.81748979146202
