Parameter,Value
c1,1729.5090556032253
c2,0.0004954156890936166
c3,0.13952274446418186
