Parameter,Value
c1,1785.5248718520527
c2,0.0004900105522829284
c3,0.14782682530426136
