Parameter,Value
c1,0.2854285428542854
c2,889.4889488948894
c3,0.015051505150515052
c4,0.0354035403540354
c5,1898.9898989898988
c6,336.83368336833684
c7,782.1782178217821
