Parameter,Value
c1,0.6726672667266727
c2,1498.7498749874987
c3,0.0317931793179318
c4,0.7260726072607261
c5,885.2885288528853
c6,113.11131113111311
c7,366.9366936693669
