Parameter,Value
c1,0.8060639311757225
c2,1639.0912385292247
c3,0.07652505217848361
c4,0.13867718002929075
c5,1473.778428440451
c6,316.6708649547331
c7,45.03832459944349
