Parameter,Value
c1,1597.8186310424508
c2,0.00046573200199720867
c3,0.10898050973041438
