Parameter,Value
c1,0.5300530053005301
c2,1978.5978597859785
c3,0.09266926692669267
c4,0.5460546054605461
c5,1463.1463146314632
c6,409.9409940994099
c7,285.7285728572857
