Parameter,Value
c1,0.27558006408715957
c2,1242.0982209015615
c3,0.02750334988529616
c4,0.6337145544171603
c5,1291.7438992389657
c6,428.47877996102056
c7,37.25282254623721
