Parameter,Value
c1,0.5731573157315731
c2,1735.3735373537352
c3,0.01607160716071607
c4,0.27002700270027
c5,1662.9662966296628
c6,384.53845384538454
c7,708.5708570857086
