Parameter,Value
c1,0.8861886188618863
c2,1667.7667766776676
c3,0.04750475047504751
c4,0.8257825782578259
c5,1856.3856385638562
c6,150.1150115011501
c7,86.1086108610861
