Parameter,Value
c1,0.5835437346857629
c2,1739.3130644800522
c3,0.07059820064703533
c4,0.24131994818272018
c5,1699.4806087840334
c6,125.52928156585111
c7,42.49792740389616
