Parameter,Value
c1,0.8261826182618263
c2,210.42104210421041
c3,0.019051905190519053
c4,0.0665066506650665
c5,1544.5544554455444
c6,623.9623962396239
c7,638.4638463846384
