Parameter,Value
c1,0.983998399839984
c2,1295.9795979597961
c3,0.06805680568056806
c4,0.4448444844484449
c5,849.8149814981498
c6,757.965796579658
c7,53.75247524752475
