Parameter,Value
c1,849.5112253583419
c2,0.0002849595952937264
c3,0.09444961279663054
