Parameter,Value
c1,0.665261465349683
c2,222.7843432154315
c3,0.06648724488032944
c4,0.8878567926762226
c5,1392.6225364708127
c6,440.32787666540906
c7,438.2143843772247
