Parameter,Value
c1,0.14411441144114412
c2,1562.7662766276628
c3,0.05890589058905891
c4,0.9982998299829984
c5,440.51405140514055
c6,142.84428442844285
c7,510.041404140414
