Parameter,Value
c1,0.34013401340134014
c2,1568.956895689569
c3,0.0026302630263026305
c4,0.9551955195519553
c5,438.8438843884388
c6,574.8574857485748
c7,278.8278827882788
