Parameter,Value
c1,1599.036363354755
c2,0.0005107066740610312
c3,0.1296735655423959
