Parameter,Value
c1,0.6033603360336034
c2,1926.3926392639262
c3,0.00793079307930793
c4,0.6355635563556356
c5,367.036703670367
c6,763.976397639764
c7,508.75087508750875
