Parameter,Value
c1,0.075007500750075
c2,1904.190419041904
c3,0.0336933693369337
c4,0.2909290929092909
c5,1544.9544954495448
c6,727.6727672767277
c7,450.44504450445044
