Parameter,Value
c1,0.35933593359335936
c2,840.2840284028402
c3,0.005450545054505451
c4,0.44394439443944395
c5,937.0937093709371
c6,594.059405940594
c7,906.8906890689068
