Parameter,Value
c1,0.9217921792179218
c2,1011.9011901190119
c3,0.09447944794479449
c4,0.058005800580058005
c5,189.2189218921892
c6,470.44704470447044
c7,1.8001800180018002
