Parameter,Value
c1,0.2575420641540831
c2,1128.7180858495633
c3,0.08069686841371793
c4,0.3943700539527748
c5,1462.1460716891143
c6,161.06901442921483
c7,600.6985678335899
