Parameter,Value
c1,1965.904063069385
c2,0.0007591547189288901
c3,0.19434100374861013
