Parameter,Value
c1,0.4825482548254826
c2,920.4920492049205
c3,0.08093809380938094
c4,0.5053505350535054
c5,1407.5407540754074
c6,286.1286128612861
c7,804.980498049805
