Parameter,Value
c1,0.6642909668587239
c2,1583.337583723536
c3,0.07343050886198058
c4,0.35866040535404886
c5,1887.2195798546475
c6,279.936015180943
c7,31.46060765799263
