Parameter,Value
c1,0.16841684168416843
c2,376.0976097609761
c3,0.010691069106910691
c4,0.748974897489749
c5,527.9227922792279
c6,868.946894689469
c7,573.1845184518452
