Parameter,Value
c1,0.04857903284426879
c2,1417.394790885492
c3,0.08392433478050837
c4,0.16593788420695388
c5,1561.9958759999147
c6,286.5366167291019
c7,306.4697533295573
