Parameter,Value
c1,1745.1208064917096
c2,0.0005670249767421477
c3,0.148542134188242
