Parameter,Value
c1,1555.3580477810528
c2,0.0004983292824206894
c3,0.08631907107193613
