Parameter,Value
c1,0.5304530453045305
c2,703.070307030703
c3,0.07218721872187218
c4,0.5553555355535553
c5,702.6702670267026
c6,925.092509250925
c7,453.3453345334533
