Parameter,Value
c1,0.954995499549955
c2,957.0957095709571
c3,0.09365936593659366
c4,0.7565756575657566
c5,1080.3080308030803
c6,275.7275727572757
c7,440.34403440344033
