Parameter,Value
c1,0.48356919501139006
c2,1749.456677345204
c3,0.07252916188856517
c4,0.5658744245513913
c5,1903.2488589231841
c6,578.3729508573467
c7,407.7040842276902
