Parameter,Value
c1,0.8770877087708772
c2,440.04400440044003
c3,0.09084908490849085
c4,0.20962096209620962
c5,855.2855285528552
c6,785.8785878587859
c7,247.024702470247
