Parameter,Value
c1,0.6753473827694361
c2,1537.5560768557486
c3,0.08686874918818172
c4,0.2903577129160362
c5,1666.3159222779097
c6,182.05801758571081
c7,278.9714926708696
