Parameter,Value
c1,0.26162616261626165
c2,666.6366636663666
c3,0.014991499149914992
c4,0.32493249324932494
c5,662.2662266226623
c6,477.85778577857786
c7,125.48784878487848
