Parameter,Value
c1,0.8151913206716639
c2,1468.7516767741374
c3,0.09133345821837727
c4,0.2727592152003092
c5,1544.439626759056
c6,546.3704268675576
c7,261.7432203087932
