Parameter,Value
c1,0.6615643366662437
c2,1693.0124505414442
c3,0.055325734479671346
c4,0.8544524875245048
c5,769.6756225515222
c6,316.78789711837976
c7,354.2646755916785
