Parameter,Value
c1,0.07320732073207321
c2,802.2802280228022
c3,0.06594659465946595
c4,0.860986098609861
c5,562.4562456245624
c6,168.81688168816882
c7,792.5792579257925
