Parameter,Value
c1,0.6898689868986899
c2,1390.1390139013902
c3,0.0902990299029903
c4,0.6917691769176918
c5,19.6019601960196
c6,395.6395639563956
c7,485.6485648564856
