Parameter,Value
c1,0.17601760176017603
c2,680.8880888088809
c3,0.018371837183718372
c4,0.42094209420942097
c5,891.4291429142914
c6,865.6165616561656
c7,403.1377137713771
