Parameter,Value
c1,0.3203938951437705
c2,1613.572989195822
c3,0.03054816606730081
c4,0.5959092521848414
c5,1066.7443859216173
c6,125.2454186128349
c7,322.63967977392593
