Parameter,Value
c1,0.8311663991262563
c2,1674.8834372053593
c3,0.08762981119126309
c4,0.31978346484280773
c5,1727.7151536188196
c6,567.6194867047967
c7,360.10134946317703
