Parameter,Value
c1,0.48364836483648366
c2,441.44414441444144
c3,0.0073307330733073306
c4,0.344034403440344
c5,1272.1272127212721
c6,599.6599659965997
c7,828.3828382838284
