Parameter,Value
c1,0.41880382194921906
c2,1891.676275829129
c3,0.0689463246772918
c4,0.9937061835997526
c5,1100.7950887674879
c6,422.52255577261934
c7,205.07090338166012
