Parameter,Value
c1,0.2976297629762976
c2,1561.4361436143615
c3,0.06206620662066207
c4,0.42364236423642365
c5,406.6906690669067
c6,283.97839783978395
c7,460.58595859585955
