Parameter,Value
c1,0.12971297129712972
c2,1380.3380338033803
c3,0.08383838383838384
c4,0.6984698469846985
c5,309.6309630963096
c6,500.4500450045004
c7,244.72447244724472
