Parameter,Value
c1,0.28782878287828784
c2,128.5028502850285
c3,0.06545654565456546
c4,0.6596659665966597
c5,838.2238223822383
c6,468.2268226822682
c7,474.97299729972997
