Parameter,Value
c1,0.4755569472227752
c2,1399.4036387517071
c3,0.038485937810142826
c4,0.4871885312786265
c5,1633.0430707777716
c6,771.2524277876058
c7,281.3790262145992
