Parameter,Value
c1,0.8536853685368537
c2,1506.3506350635062
c3,0.010791079107910792
c4,0.9184918491849186
c5,1231.1231123112311
c6,816.9816981698169
c7,35.4035403540354
