Parameter,Value
c1,0.8093700610324096
c2,1607.950991374888
c3,0.09574620898678597
c4,0.23740343695321087
c5,1418.312121964431
c6,398.5183779322666
c7,410.5400879022384
