Parameter,Value
c1,0.6955695569556956
c2,1455.5955595559556
c3,0.03754375437543755
c4,0.5943594359435944
c5,216.2916291629163
c6,120.07200720072007
c7,598.1620162016201
