Parameter,Value
c1,0.7457745774577458
c2,1130.7130713071306
c3,0.06681668166816682
c4,0.7917791779177918
c5,4.2004200420042
c6,550.8550855085508
c7,823.0823082308231
