Parameter,Value
c1,0.39903990399039907
c2,1302.130213021302
c3,0.04063406340634063
c4,0.9543954395439544
c5,718.071807180718
c6,673.3673367336734
c7,322.3322332233223
