Parameter,Value
c1,0.09930993099309932
c2,717.1817181718172
c3,0.0862886288628863
c4,0.20872087208720871
c5,1229.8529852985298
c6,366.6066606660666
c7,910.1809180918091
