Parameter,Value
c1,0.9465946594659467
c2,92.4092409240924
c3,0.08917891789178918
c4,0.8085808580858086
c5,412.84128412841284
c6,912.2912291229122
c7,296.5296529652965
