Parameter,Value
c1,0.9057905790579058
c2,1075.5075507550755
c3,0.08599859985998601
c4,0.7688768876887689
c5,195.8195819581958
c6,756.2756275627562
c7,386.1386138613861
