Parameter,Value
c1,0.3663467701466062
c2,1792.9541048057747
c3,0.056649938502587587
c4,0.5759284993955444
c5,1565.7402053978383
c6,687.2474377297591
c7,285.75102218409756
