Parameter,Value
c1,0.7030943535455906
c2,1050.9771969127355
c3,0.09462216822198438
c4,0.2476907271448462
c5,1370.083410876889
c6,847.7053838359686
c7,321.32976708655536
