Parameter,Value
c1,0.8456740872176347
c2,1783.2063499286942
c3,0.0834808382701494
c4,0.23471138390300228
c5,1280.7333404696674
c6,549.2167474853158
c7,30.187970108255456
