Parameter,Value
c1,0.032197934937924
c2,1489.5613102835318
c3,0.04729130022384551
c4,0.12175435547305369
c5,1085.2718515770118
c6,66.7744432250047
c7,653.3648713530407
