Parameter,Value
c1,0.4307369291404578
c2,737.5526398026071
c3,0.029094815433504798
c4,0.3185966353919387
c5,1220.5993448669255
c6,7.475251201626176
c7,790.9059468770198
