Parameter,Value
c1,0.35473547354735474
c2,1815.871587158716
c3,0.07763776377637764
c4,0.722972297229723
c5,254.67546754675467
c6,115.75157515751576
c7,936.1575157515751
