Parameter,Value
c1,1753.0830307197502
c2,0.0004877880869176407
c3,0.143744667981328
