Parameter,Value
c1,1571.091573105406
c2,0.0004621659191312139
c3,0.12050603560562073
