Parameter,Value
c1,0.5395539553955395
c2,1777.177717771777
c3,0.06955695569556956
c4,0.6181618161816181
c5,360.4360436043604
c6,523.7523752375238
c7,440.04400440044003
