Parameter,Value
c1,2000.0
c2,0.0005661020970609402
c3,0.14360718728587482
