Parameter,Value
c1,0.7227570512212651
c2,1877.9070533816396
c3,0.06457949304102668
c4,0.26481958933052774
c5,1266.2755274409972
c6,596.6160828078391
c7,115.89569495864451
