Parameter,Value
c1,0.17441744174417442
c2,743.4743474347434
c3,0.06322632263226323
c4,0.8574857485748575
c5,236.6236623662366
c6,586.058605860586
c7,575.057505750575
