Parameter,Value
c1,0.18071523425256253
c2,1339.225215723987
c3,0.0063362835134344936
c4,0.7403445768546276
c5,1280.6891254410425
c6,322.53196336743554
c7,81.70422416572328
