Parameter,Value
c1,0.8303830383038304
c2,886.8886888688868
c3,0.018031803180318034
c4,0.9692969296929693
c5,876.2876287628762
c6,477.047704770477
c7,165.1165116511651
