Parameter,Value
c1,0.33323332333233324
c2,545.9745974597461
c3,0.03466346634663466
c4,0.9019901990199021
c5,203.75037503750377
c6,480.46804680468045
c7,857.3285328532853
