Parameter,Value
c1,1590.7978160939767
c2,0.0005390170573720252
c3,0.10463469530882247
