Parameter,Value
c1,0.44814481448144816
c2,697.2697269726972
c3,0.07075707570757075
c4,0.8023802380238024
c5,392.43924392439243
c6,801.4801480148014
c7,731.5731573157316
