Parameter,Value
c1,0.30273027302730277
c2,1159.9259925992599
c3,0.034423442344234424
c4,0.6684668466846685
c5,1264.8164816481649
c6,423.1323132313231
c7,114.79747974797479
