Parameter,Value
c1,0.19281928192819284
c2,931.093109310931
c3,0.011761176117611762
c4,0.08450845084508452
c5,1784.7784778477846
c6,3.9003900390039004
c7,342.6342634263426
