Parameter,Value
c1,0.9481948194819483
c2,286.8286828682868
c3,0.07676767676767678
c4,0.44514451445144515
c5,282.4282428242824
c6,942.994299429943
c7,977.2977297729773
