Parameter,Value
c1,0.2506815326424529
c2,1248.1368981400826
c3,0.03280439507215039
c4,0.680419491787788
c5,1263.3511045444732
c6,452.1098008368573
c7,17.964143092345996
