Parameter,Value
c1,0.05390539053905391
c2,586.8286828682869
c3,0.09208920892089209
c4,0.47514751475147515
c5,1106.5306530653065
c6,240.23402340234023
c7,252.87308730873085
