Parameter,Value
c1,0.29371404638882936
c2,1261.9522477089756
c3,0.009210493994507518
c4,0.43370117267952824
c5,861.7255266592875
c6,493.6850976503062
c7,425.830290295828
