Parameter,Value
c1,0.7124984068508081
c2,1386.793645279459
c3,0.064021613780681
c4,0.6142168401439047
c5,1789.377952222224
c6,614.3549911319643
c7,357.0850176884718
