Parameter,Value
c1,0.327032703270327
c2,1815.3815381538152
c3,0.07174717471747175
c4,0.05740574057405741
c5,1518.3518351835182
c6,796.1796179617961
c7,134.7134713471347
