Parameter,Value
c1,0.673067306730673
c2,858.085808580858
c3,0.05342534253425343
c4,0.4768476847684769
c5,1810.9810981098108
c6,744.074407440744
c7,405.040504050405
