Parameter,Value
c1,0.4093409340934094
c2,1713.6413641364138
c3,0.08307830783078309
c4,0.012301230123012302
c5,891.8091809180919
c6,390.8190819081908
c7,722.150315031503
