Parameter,Value
c1,1862.1767122766216
c2,0.0005636283853971001
c3,0.19182809815623902
