Parameter,Value
c1,0.5817079765737921
c2,1711.8856960859937
c3,0.056757321584219214
c4,0.7028969938352437
c5,1799.998189843104
c6,626.4430549693565
c7,259.0415263779724
