Parameter,Value
c1,0.1206646983432953
c2,61.10797451627881
c3,0.08023451605390312
c4,0.05716193631499722
c5,1374.3241539201088
c6,436.89967070631394
c7,253.81637872369677
