Parameter,Value
c1,1519.5571046843486
c2,0.0004929345020645504
c3,0.10247496794326355
