Parameter,Value
c1,0.20139950138137086
c2,1623.2886965680432
c3,0.04679875740567494
c4,0.8079382094836102
c5,14.852757089226065
c6,551.5927259824055
c7,931.9321480766781
