Parameter,Value
c1,0.598059805980598
c2,151.6851685168517
c3,0.07423742374237424
c4,0.18821882188218822
c5,680.8880888088809
c6,786.8586858685868
c7,921.1710171017102
