Parameter,Value
c1,0.09571251661238711
c2,1770.6536525502793
c3,0.06272489720512688
c4,0.7234163581899548
c5,32.25841339003366
c6,594.4318794450425
c7,556.7851923942887
