Parameter,Value
c1,0.5560556055605561
c2,1076.107610761076
c3,0.0023402340234023405
c4,0.5000500050005001
c5,1501.3501350135014
c6,106.8106810681068
c7,548.8548854885488
