Parameter,Value
c1,1608.692832784852
c2,0.0004683623941999047
c3,0.09437281770643285
