Parameter,Value
c1,2000.0
c2,0.0005035151597805688
c3,0.07750404630179265
