Parameter,Value
c1,0.4154415441544155
c2,115.01150115011501
c3,0.0038903890389038907
c4,0.9964996499649965
c5,1025.3025302530252
c6,800.1800180018001
c7,982.5982598259825
