Parameter,Value
c1,0.7824782478247825
c2,1620.912091209121
c3,0.043254325432543254
c4,0.38613861386138615
c5,812.7612761276127
c6,884.1584158415842
c7,830.7524752475247
