Parameter,Value
c1,0.21902190219021903
c2,1773.177317731773
c3,0.024232423242324233
c4,0.20922092209220922
c5,1705.5705570557054
c6,94.2094209420942
c7,370.03700370037
