Parameter,Value
c1,0.585058505850585
c2,878.6878687868787
c3,0.06565656565656566
c4,0.47234723472347234
c5,1209.9209920992098
c6,361.3361336133613
c7,49.5049504950495
