Parameter,Value
c1,0.24736911613017198
c2,1189.4448113330557
c3,0.028773617108620905
c4,0.6171427830124606
c5,1178.840752593191
c6,473.34292027230134
c7,108.65385552464734
