Parameter,Value
c1,0.6306507999751851
c2,1068.4371318330484
c3,0.09598268577709484
c4,0.26907691195777395
c5,1190.119498771758
c6,642.5539743897758
c7,329.1685002671118
