Parameter,Value
c1,0.009500950095009501
c2,96.6096609660966
c3,0.031493149314931496
c4,0.5368536853685368
c5,154.41544154415442
c6,126.71267126712671
c7,532.4532453245324
