Parameter,Value
c1,1654.4715962459518
c2,0.0004943494146990929
c3,0.09263411120022524
