Parameter,Value
c1,0.6940694069406941
c2,1838.983898389839
c3,0.08494849484948495
c4,0.7285728572857286
c5,1737.5737573757374
c6,871.6871687168716
c7,982.8982898289828
