Parameter,Value
c1,0.9242924292429243
c2,563.056305630563
c3,0.006080608060806081
c4,0.5226522652265226
c5,1407.140714071407
c6,345.93459345934593
c7,660.4660466046604
