Parameter,Value
c1,0.24162416241624163
c2,965.8965896589658
c3,0.03338333833383338
c4,0.25252525252525254
c5,1471.7471747174716
c6,984.6984698469846
c7,547.1547154715471
