Parameter,Value
c1,1616.0277726702373
c2,0.0004889922365781216
c3,0.10736383571226785
