Parameter,Value
c1,0.4225422542254226
c2,1989.5989598959895
c3,0.013211321132113213
c4,0.7483748374837484
c5,1518.151815181518
c6,401.2401240124012
c7,18.101810181018102
