Parameter,Value
c1,0.3469182720355636
c2,1163.3143104587546
c3,0.07329547393595115
c4,0.2614843295082149
c5,1053.6762599943588
c6,56.0739955113535
c7,749.0668154078852
