Parameter,Value
c1,0.8764876487648765
c2,1233.2733273327333
c3,0.06947694769476948
c4,0.9663966396639664
c5,342.84428442844285
c6,998.1098109810981
c7,929.7632763276328
