Parameter,Value
c1,0.22692269226922693
c2,442.44424442444245
c3,0.05776577657765777
c4,0.6469646964696469
c5,596.4596459645965
c6,963.096309630963
c7,435.2435243524352
