Parameter,Value
c1,0.9470947094709471
c2,392.43924392439243
c3,0.09351935193519352
c4,0.19591959195919592
c5,14.8014801480148
c6,534.6534653465346
c7,411.84118411841183
