Parameter,Value
c1,1589.874900590191
c2,0.000539420471619661
c3,0.10418354063566895
