Parameter,Value
c1,0.12271227122712272
c2,1285.128512851285
c3,0.08448844884488449
c4,0.9007900790079009
c5,1506.7506750675066
c6,743.9743974397439
c7,11.3011301130113
