Parameter,Value
c1,0.8923605697841711
c2,1415.4597727684888
c3,0.0642684593517692
c4,0.41572044007910913
c5,1944.3921782291914
c6,492.47319585099456
c7,271.0729306137639
