Parameter,Value
c1,0.7224722472247225
c2,1814.181418141814
c3,0.015381538153815382
c4,0.06840684068406841
c5,65.20652065206521
c6,750.4750475047505
c7,557.4557455745575
