Parameter,Value
c1,0.7507170003431679
c2,1148.127650299929
c3,0.07516439887929184
c4,0.07914896073820521
c5,1718.7781513612229
c6,821.504113200558
c7,909.8716596102089
