Parameter,Value
c1,0.4318431843184319
c2,400.2400240024002
c3,0.09638963896389639
c4,0.7097709770977098
c5,3.6003600360036003
c6,513.2513251325132
c7,350.2350235023502
