Parameter,Value
c1,0.050905090509050906
c2,548.6348634863486
c3,0.03744374437443745
c4,0.49324932493249324
c5,1824.6124612461247
c6,264.53645364536453
c7,487.3618361836183
