Parameter,Value
c1,0.7599149003029076
c2,1465.662460726936
c3,0.07189763444802577
c4,0.3173152478499178
c5,1283.805642539618
c6,557.4736659907163
c7,206.01640386774685
