Parameter,Value
c1,1582.6998800051758
c2,0.0005419846182265793
c3,0.10116637944539988
