Parameter,Value
c1,0.5821754591458701
c2,412.1914548905483
c3,0.07177575622795576
c4,0.3789858496989177
c5,1336.7678945189195
c6,29.31972289377127
c7,635.9003593513561
