Parameter,Value
c1,0.798979897989799
c2,171.8171817181718
c3,0.0338033803380338
c4,0.8864886488648865
c5,1138.113811381138
c6,955.2955295529553
c7,522.8522852285229
