Parameter,Value
c1,1559.694699870608
c2,0.00045684867450705675
c3,0.11821147682161318
