Parameter,Value
c1,0.09332671036982076
c2,593.721550961359
c3,0.09275842401521475
c4,0.5690037314301953
c5,914.8239950472239
c6,753.5259907981145
c7,741.8621518420373
