Parameter,Value
c1,0.4977497749774978
c2,808.4808480848085
c3,0.017361736173617363
c4,0.056405640564056406
c5,1701.9701970197018
c6,345.23452345234523
c7,981.6981698169816
