Parameter,Value
c1,0.9700985438195028
c2,1432.132274357838
c3,0.08217207364459765
c4,0.04503958381883444
c5,1378.1271765953459
c6,689.2773800085246
c7,102.64430493064208
