Parameter,Value
c1,1969.9540467465306
c2,0.00024209904538139023
c3,0.19991792233624173
