Parameter,Value
c1,0.36293629362936297
c2,1361.9361936193618
c3,0.08143814381438144
c4,0.5663566356635664
c5,1068.5068506850685
c6,2.000200020002
c7,777.5777577757775
