Parameter,Value
c1,1718.7965146651743
c2,0.00046510767170829985
c3,0.14413149970200606
