Parameter,Value
c1,0.36183618361836184
c2,241.8241824182418
c3,0.024632463246324635
c4,0.29282928292829286
c5,77.6077607760776
c6,577.8577857785779
c7,184.6184618461846
