Parameter,Value
c1,0.5946642197464057
c2,1521.7983436421514
c3,0.06150067384712429
c4,0.7457497517732038
c5,1847.1448897518374
c6,653.7991592455311
c7,60.11496938771125
