Parameter,Value
c1,0.8005800580058006
c2,511.2511251125112
c3,0.09359935993599361
c4,0.9614961496149615
c5,1344.5344534453445
c6,380.2380238023802
c7,269.52695269526953
