Parameter,Value
c1,1621.2611374807375
c2,0.0005119827749688297
c3,0.13655431011462627
