Parameter,Value
c1,0.921992199219922
c2,260.42604260426043
c3,0.028312831283128313
c4,0.7475747574757476
c5,1610.7610761076107
c6,248.52485248524852
c7,488.84888488848884
