Parameter,Value
c1,0.8643864386438644
c2,309.43094309430944
c3,0.04706470647064707
c4,0.30113011301130116
c5,271.6271627162716
c6,882.6882688268827
c7,284.6284628462846
