Parameter,Value
c1,0.5228912974198237
c2,1057.5713623096967
c3,0.055546866064428914
c4,0.6908120505363737
c5,1777.8635353984698
c6,481.7814220763319
c7,117.10647206039775
