Parameter,Value
c1,1123.1231231231232
c2,0.0009162162162162162
c3,0.16081081081081083
