Parameter,Value
c1,0.19253996633982395
c2,1639.4468045391845
c3,0.05464883828078924
c4,0.5771000186797193
c5,1105.2762006761066
c6,497.50853053812835
c7,249.15597555679219
