Parameter,Value
c1,1557.7680842512239
c2,0.0004531117344231735
c3,0.09197813551513441
