Parameter,Value
c1,0.575957595759576
c2,601.8601860186018
c3,0.05885588558855886
c4,0.5884588458845885
c5,1274.7274727472748
c6,57.8057805780578
c7,200.9200920092009
