Parameter,Value
c1,0.4748474847484749
c2,1427.5427542754276
c3,0.04186418641864187
c4,0.6972697269726973
c5,885.6885688568857
c6,827.982798279828
c7,96.10961096109611
