Parameter,Value
c1,1484.984984984985
c2,0.00045855855855855853
c3,0.16441441441441443
