Parameter,Value
c1,0.041504150415041505
c2,1330.13301330133
c3,0.034083408340834086
c4,0.41614161416141615
c5,1790.3790379037903
c6,208.1208120812081
c7,962.5962596259625
