Parameter,Value
c1,0.41304130413041307
c2,1412.6512651265127
c3,0.0013701370137013701
c4,0.18991899189918993
c5,526.4026402640264
c6,624.4824482448245
c7,404.8361836183618
