Parameter,Value
c1,0.9960863273678254
c2,1538.7946741479245
c3,0.05737741136588245
c4,0.10263525921079586
c5,1399.6681495458295
c6,661.167867327931
c7,49.09713062277632
