Parameter,Value
c1,0.15231523152315232
c2,1155.7455745574557
c3,0.07741774177417741
c4,0.6404640464046405
c5,1455.9755975597561
c6,706.5706570657065
c7,890.7983798379837
