Parameter,Value
c1,0.9229039313962984
c2,1582.699716454644
c3,0.09201134450751841
c4,0.29647165103842443
c5,1699.8043978472147
c6,394.2489447401987
c7,368.8936601531558
