Parameter,Value
c1,0.924992499249925
c2,1932.193219321932
c3,0.005570557055705571
c4,0.4024402440244024
c5,199.2199219921992
c6,951.2951295129512
c7,234.12341234123411
