Parameter,Value
c1,0.43709732777609056
c2,1017.3158399225615
c3,0.044700025775529256
c4,0.3996100869857745
c5,474.1897971388274
c6,626.261303703841
c7,233.6372353668128
