Parameter,Value
c1,0.13634017459404668
c2,649.8733755349677
c3,0.09250113184432442
c4,0.38275599477464406
c5,619.3336757047772
c6,652.1722714027329
c7,128.09071045543396
