Parameter,Value
c1,0.6062508931946938
c2,1535.7769698717912
c3,0.057098620247874314
c4,0.7330060361583446
c5,1794.74717333433
c6,689.7250591024585
c7,119.84540550305582
