Parameter,Value
c1,0.20246503511561842
c2,1450.2882881681612
c3,0.05584191676698056
c4,0.6007775521575041
c5,1231.577100349864
c6,375.5921309821879
c7,84.28585072288504
