Parameter,Value
c1,0.36803680368036806
c2,1590.1290129012903
c3,0.016341634163416344
c4,0.15841584158415842
c5,1817.3917391739174
c6,997.8397839783978
c7,133.88028802880288
