Parameter,Value
c1,0.3980442553304314
c2,1475.9908114640714
c3,0.01824917304535
c4,0.17545175614749253
c5,1063.1027476836769
c6,531.8275870968661
c7,634.4009585513211
