Parameter,Value
c1,0.8785878587858786
c2,968.096809680968
c3,0.07902790279027903
c4,0.8171817181718172
c5,708.2708270827083
c6,976.0976097609761
c7,521.8521852185219
