Parameter,Value
c1,0.9403240118415975
c2,703.680497279329
c3,0.05744177451037472
c4,0.14760952598314347
c5,40.48946660962849
c6,536.8063357667115
c7,884.7756507057537
