Parameter,Value
c1,0.10488473624822581
c2,824.4924006964474
c3,0.020048312601210996
c4,0.7331381931141526
c5,914.1004874400518
c6,828.4411687214116
c7,33.350148234793984
