Parameter,Value
c1,0.9175917591759176
c2,1575.3075307530753
c3,0.07111711171117112
c4,0.19941994199419943
c5,1406.1906190619063
c6,685.5085508550856
c7,118.69396939693969
