Parameter,Value
c1,0.5398539853985399
c2,1650.5650565056505
c3,0.0857085708570857
c4,0.5827582758275828
c5,68.2068206820682
c6,57.3057305730573
c7,798.3798379837983
