Parameter,Value
c1,0.3043934271904437
c2,1248.7294362987172
c3,0.031015401147211658
c4,0.6744073407278146
c5,1242.1261222737983
c6,448.7253857723716
c7,12.851042416973058
