Parameter,Value
c1,0.6727812649670029
c2,1717.7849067223012
c3,0.06058895268681606
c4,0.03042575186569263
c5,1530.5725441948796
c6,231.1098651536777
c7,70.91881487420763
