Parameter,Value
c1,0.5420542054205421
c2,1693.5693569356936
c3,0.08537853785378538
c4,0.9637963796379638
c5,1954.7954795479548
c6,669.4669466946694
c7,945.1945194519451
