Parameter,Value
c1,0.1422142214221422
c2,1221.3221322132213
c3,0.0822882288228823
c4,0.7346734673467347
c5,1848.5848584858484
c6,995.5995599559956
c7,150.5150515051505
