Parameter,Value
c1,0.8400840084008401
c2,449.25492549254926
c3,0.09965996599659967
c4,0.038003800380038005
c5,1687.798779877988
c6,536.2736273627363
c7,249.07650765076505
