Parameter,Value
c1,0.5627562756275628
c2,1952.6852685268527
c3,0.09513951395139514
c4,0.4811481148114812
c5,949.1949194919492
c6,231.32313231323133
c7,334.3996399639964
