Parameter,Value
c1,0.40388749589530726
c2,802.2411255940156
c3,0.02009215693533184
c4,0.12120581393808916
c5,1869.7473328580952
c6,767.857915773682
c7,245.42973513079414
