Parameter,Value
c1,2000.0
c2,0.0008990321358025529
c3,0.10726990092764471
