Parameter,Value
c1,0.33973397339733974
c2,995.4995499549955
c3,0.040664066406640664
c4,0.7683768376837684
c5,150.6150615061506
c6,109.4109410941094
c7,112.2112211221122
