Parameter,Value
c1,1436.1266115990197
c2,0.0004715992427299419
c3,0.09943340489346023
