Parameter,Value
c1,0.7819589864103453
c2,1944.705426649605
c3,0.06443167670283621
c4,0.24378731102364704
c5,1464.9239061213568
c6,596.2743604422886
c7,229.6776598783174
