Parameter,Value
c1,0.46034603460346035
c2,404.64046404640465
c3,0.05786578657865787
c4,0.0711071107110711
c5,1813.7813781378136
c6,70.9070907090709
c7,556.3556355635563
