Parameter,Value
c1,1760.3223502949695
c2,0.0005403719688492354
c3,0.15305676612116215
