Parameter,Value
c1,0.9553955395539554
c2,1661.5661566156614
c3,0.08083808380838084
c4,0.22342234223422344
c5,1957.7957795779578
c6,782.7782778277827
c7,41.5041504150415
