Parameter,Value
c1,0.5953595359535954
c2,1369.136913691369
c3,0.07727772777277728
c4,0.5261526152615261
c5,253.02530253025301
c6,252.5252525252525
c7,739.6739673967396
