Parameter,Value
c1,0.6072607260726073
c2,193.6193619361936
c3,0.07932793279327933
c4,0.4158415841584159
c5,1000.9000900090008
c6,303.9303930393039
c7,735.9735973597359
