Parameter,Value
c1,0.6832683268326832
c2,200.0200020002
c3,0.08433843384338434
c4,0.8343834383438344
c5,418.4418441844184
c6,855.7855785578557
c7,722.1722172217221
