Parameter,Value
c1,0.20472047204720473
c2,1702.810281028103
c3,0.022502250225022502
c4,0.7457745774577458
c5,1055.035503550355
c6,189.82898289828984
c7,298.3321332133213
