Parameter,Value
c1,0.45784578457845787
c2,393.63936393639364
c3,0.06387638763876388
c4,0.5327532753275328
c5,1577.7577757775778
c6,629.1629162916291
c7,468.14681468146813
