Parameter,Value
c1,1643.2003779925992
c2,0.0004901303265673317
c3,0.10489294074050658
