Parameter,Value
c1,0.6343326212950454
c2,1457.9578093964062
c3,0.048232318582903166
c4,0.4391462326629534
c5,1577.9715123426029
c6,871.07771782489
c7,13.335493920591576
