Parameter,Value
c1,0.3172854818203209
c2,829.6524239072636
c3,0.0866309157883366
c4,0.2504553653965067
c5,966.0685285254087
c6,985.559785610705
c7,519.4851192598094
