Parameter,Value
c1,0.814981498149815
c2,673.4673467346735
c3,0.0410941094109411
c4,0.5704570457045705
c5,540.0540054005401
c6,188.4188418841884
c7,745.3745374537453
