Parameter,Value
c1,0.8655865586558656
c2,1499.3499349934993
c3,0.050215021502150216
c4,0.4318431843184319
c5,1748.3748374837483
c6,216.62166216621662
c7,590.6590659065906
