Parameter,Value
c1,0.135013501350135
c2,675.0675067506751
c3,0.025632563256325635
c4,0.39533953395339533
c5,346.83468346834684
c6,923.4923492349235
c7,151.1151115111511
