Parameter,Value
c1,0.7260726072607261
c2,272.4272427242724
c3,0.03261326132613261
c4,0.0933093309330933
c5,747.4747474747475
c6,247.9247924792479
c7,122.41224122412241
