Parameter,Value
c1,0.8576517872810324
c2,1852.52647372392
c3,0.03033807340330762
c4,0.33981085404434463
c5,1230.6403650604682
c6,497.191721913524
c7,932.9096900871223
