Parameter,Value
c1,0.8085708768805154
c2,1481.196560490204
c3,0.07237086720453853
c4,0.36258295408110996
c5,1457.9666546095334
c6,535.3910240313324
c7,161.77549935072244
