Parameter,Value
c1,0.9517951795179518
c2,1937.6737673767377
c3,0.05846584658465847
c4,0.5691569156915691
c5,1297.4997499749975
c6,870.3870387038704
c7,979.6183618361836
