Parameter,Value
c1,0.9254544978726938
c2,1733.8917500551454
c3,0.07986813405902078
c4,0.11365255652430695
c5,1626.0838469160692
c6,754.9451777982619
c7,87.44938127008234
