Parameter,Value
c1,0.003940205554765375
c2,41.84341642619249
c3,0.064213237301212
c4,0.27784414483627595
c5,1771.821022952261
c6,531.4743000478145
c7,685.6801520300946
