Parameter,Value
c1,1682.2807604021982
c2,0.00047041230088795346
c3,0.12215394132577302
