Parameter,Value
c1,0.4805480548054806
c2,59.805980598059804
c3,0.09626962696269627
c4,0.04760476047604761
c5,1060.5060506050604
c6,82.9082908290829
c7,909.2909290929092
