Parameter,Value
c1,0.7528752875287529
c2,760.2760276027602
c3,0.0392039203920392
c4,0.43904390439043905
c5,1043.3043304330433
c6,299.52995299529954
c7,651.1651165116511
