Parameter,Value
c1,0.04810481048104811
c2,1812.5812581258124
c3,0.011611161116111612
c4,0.3651365136513651
c5,1573.7573757375737
c6,701.9701970197019
c7,112.011201120112
