Parameter,Value
c1,0.6105610561056106
c2,1934.2534253425342
c3,0.063986398639864
c4,0.8979897989798981
c5,859.3159315931593
c6,331.7731773177318
c7,851.2340234023402
