Parameter,Value
c1,1488.3620970927102
c2,0.00047215144933031024
c3,0.10919153905591944
