Parameter,Value
c1,0.0027002700270027003
c2,182.81828182818282
c3,0.030243024302430244
c4,0.45674567456745674
c5,65.00650065006501
c6,965.7965796579657
c7,404.54045404540454
