Parameter,Value
c1,1946.0787522807034
c2,0.000417664250758281
c3,0.10498846178155219
