Parameter,Value
c1,0.6120612061206121
c2,1674.1174117411742
c3,0.041554155415541555
c4,0.6472647264726473
c5,1714.4014401440145
c6,826.8226822682268
c7,294.03600360036
