Parameter,Value
c1,0.7103710371037104
c2,1497.3497349734973
c3,0.02098209820982098
c4,0.33423342334233425
c5,1210.5210521052104
c6,286.4286428642864
c7,469.14691469146914
