Parameter,Value
c1,0.8794818360886378
c2,1604.852682247056
c3,0.0744085935289635
c4,0.19266416602332267
c5,1478.0048927594144
c6,678.6122775528399
c7,74.64759095315158
