Parameter,Value
c1,0.5070497104533462
c2,1757.8582304418308
c3,0.05871683879681271
c4,0.7436354243940909
c5,1583.8881065095782
c6,691.9550198940506
c7,281.9084418366576
