Parameter,Value
c1,0.9604780831522257
c2,1703.7640377320918
c3,0.08246259139775455
c4,0.2335270431940356
c5,1654.8714328203337
c6,687.9603275609094
c7,308.18597965678725
