Parameter,Value
c1,0.6134613461346134
c2,861.4061406140614
c3,0.03872387238723873
c4,0.045204520452045205
c5,508.54085408540857
c6,350.8550855085508
c7,233.59045904590457
