Parameter,Value
c1,0.8846884688468847
c2,635.4735473547355
c3,0.056155615561556155
c4,0.5656565656565656
c5,1337.2137213721373
c6,229.34293429342935
c7,794.3852385238523
