Parameter,Value
c1,0.45244524452445245
c2,1831.2631263126314
c3,0.07366736673667366
c4,0.28012801280128014
c5,1632.1232123212321
c6,765.4365436543654
c7,802.3780378037803
