Parameter,Value
c1,0.9816981698169818
c2,1824.2324232423243
c3,0.07067706770677068
c4,0.047104710471047105
c5,1752.5952595259528
c6,115.21152115211521
c7,676.0918091809181
