Parameter,Value
c1,0.4833483348334834
c2,555.2555255525552
c3,0.04857485748574858
c4,0.29732973297329734
c5,1538.1538153815382
c6,153.81538153815382
c7,100.81008100810081
