Parameter,Value
c1,0.18471847184718473
c2,900.2900290029003
c3,0.014931493149314932
c4,0.8870887088708871
c5,425.6425642564256
c6,122.11221122112211
c7,35.3035303530353
