Parameter,Value
c1,0.24352435243524354
c2,321.2321232123212
c3,0.0061406140614061406
c4,0.46294629462946296
c5,1789.9789978997899
c6,846.1846184618462
c7,58.005800580058
