Parameter,Value
c1,0.8287828782878288
c2,1431.4631463146316
c3,0.04812481248124813
c4,0.42114211421142117
c5,1230.8030803080308
c6,690.8190819081908
c7,638.8253825382537
