Parameter,Value
c1,0.8343834383438344
c2,1227.3227322732273
c3,0.03986398639863987
c4,0.596059605960596
c5,1763.5763576357635
c6,543.8543854385438
c7,874.7874787478747
