Parameter,Value
c1,0.08949991664434487
c2,1450.146088365538
c3,0.04082606652887747
c4,0.9877277648593362
c5,1040.0081107138471
c6,285.93726387312654
c7,638.0127311164869
