Parameter,Value
c1,1582.6343034794197
c2,0.0005420100125480999
c3,0.10129743824049385
