Parameter,Value
c1,0.19461946194619462
c2,217.6217621762176
c3,0.043704370437043706
c4,0.18291829182918293
c5,522.2522252225223
c6,431.64316431643164
c7,883.0883088308831
