Parameter,Value
c1,0.46294629462946296
c2,1497.7497749774977
c3,0.0006100610061006101
c4,0.5464546454645465
c5,61.4061406140614
c6,482.4482448244824
c7,9.5009500950095
