Parameter,Value
c1,0.4302430243024303
c2,310.03100310031
c3,0.065996599659966
c4,0.22572257225722572
c5,1700.5700570057004
c6,203.2203220322032
c7,677.5677567756775
