Parameter,Value
c1,0.7784778477847785
c2,1441.914191419142
c3,0.05891589158915892
c4,0.2607260726072607
c5,1953.6353635363537
c6,344.9144914491449
c7,206.2151215121512
