Parameter,Value
c1,0.840984098409841
c2,995.5595559555956
c3,0.026432643264326434
c4,0.38993899389938996
c5,1449.5149514951495
c6,737.083708370837
c7,109.30243024302429
