Parameter,Value
c1,0.6461646164616461
c2,756.7056705670567
c3,0.09451945194519452
c4,0.34603460346034604
c5,644.7844784478448
c6,767.9567956795679
c7,122.59045904590458
