Parameter,Value
c1,0.8138813881388139
c2,1170.9170917091708
c3,0.03752375237523752
c4,0.9915991599159917
c5,1505.1505150515052
c6,248.42484248424842
c7,346.93469346934694
