Parameter,Value
c1,1007.5075075075074
c2,0.00025585585585585584
c3,0.05915915915915916
