Parameter,Value
c1,0.6114813156261433
c2,1520.6351069328553
c3,0.0547471644374628
c4,0.768646983401471
c5,1773.0517972000637
c6,718.506845571301
c7,140.6800017331179
