Parameter,Value
c1,0.6380638063806381
c2,1143.114311431143
c3,0.049004900490049005
c4,0.9818981898189819
c5,719.6719671967196
c6,364.03640364036403
c7,351.8351835183518
