Parameter,Value
c1,0.29582958295829587
c2,1959.7159715971598
c3,0.07515751575157516
c4,0.788978897889789
c5,707.1107110711072
c6,124.57245724572456
c7,615.1467146714671
