Parameter,Value
c1,0.7732514815786988
c2,1882.9677880437478
c3,0.0947953871823235
c4,0.40104885173802163
c5,1699.6892977583918
c6,602.8970969720647
c7,204.30247621890504
