Parameter,Value
c1,0.31673167316731676
c2,760.07600760076
c3,0.06080608060806081
c4,0.9672967296729673
c5,336.03360336033603
c6,238.7238723872387
c7,967.096709670967
