Parameter,Value
c1,0.7650960952393066
c2,1131.2840024517657
c3,0.00849041631918176
c4,0.5826710878614046
c5,1629.6874057868195
c6,337.06638344760995
c7,927.5765795753895
