Parameter,Value
c1,0.6951695169516952
c2,1316.9316931693168
c3,0.08247824782478248
c4,0.49194919491949196
c5,1230.5230523052305
c6,905.5905590559055
c7,929.092909290929
