Parameter,Value
c1,1674.2159330828497
c2,0.0004683499800846571
c3,0.11133778541472483
