Parameter,Value
c1,0.1397684362033691
c2,252.6416619330427
c3,0.09283899865605484
c4,0.8949052017179203
c5,1291.720560508755
c6,90.35996361340327
c7,459.68300691172004
