Parameter,Value
c1,1273.2732732732734
c2,0.00027747747747747746
c3,0.08078078078078078
