Parameter,Value
c1,1583.2650841813934
c2,0.0005417848120337915
c3,0.10082970195952781
