Parameter,Value
c1,0.42574257425742573
c2,1813.3813381338132
c3,0.043134313431343135
c4,0.8408840884088409
c5,1846.5846584658466
c6,974.8974897489749
c7,768.1768176817682
