Parameter,Value
c1,1696.6137470775755
c2,0.000538130257177471
c3,0.15640737304760313
