Parameter,Value
c1,0.4916491649164917
c2,949.4949494949494
c3,0.08090809080908092
c4,0.22942294229422944
c5,1088.5088508850883
c6,700.8700870087008
c7,49.104910491049104
