Parameter,Value
c1,1600.6006006006005
c2,0.0004144144144144144
c3,0.15255255255255257
