Parameter,Value
c1,0.7076181879016024
c2,1706.4371543911875
c3,0.05584232263349315
c4,0.5243023045925966
c5,1901.9540695167582
c6,483.7237885075176
c7,97.28176850291779
