Parameter,Value
c1,0.46074607460746075
c2,669.2669266926692
c3,0.00482048204820482
c4,0.0187018701870187
c5,985.2985298529852
c6,124.31243124312431
c7,799.4799479947994
