Parameter,Value
c1,0.9852985298529854
c2,128.8128812881288
c3,0.026322632263226325
c4,0.9694969496949696
c5,978.0978097809781
c6,96.30963096309631
c7,398.7398739873987
