Parameter,Value
c1,0.712971297129713
c2,1107.7107710771077
c3,0.051935193519351934
c4,0.8551855185518552
c5,311.8311831183118
c6,984.3984398439843
c7,481.9481948194819
