Parameter,Value
c1,0.24312431243124313
c2,1448.3448344834483
c3,0.004220422042204221
c4,0.006400640064006401
c5,789.0789078907891
c6,328.7328732873287
c7,691.969196919692
