Parameter,Value
c1,0.39933993399339934
c2,1621.5621562156214
c3,0.09315931593159316
c4,0.30803080308030806
c5,906.6906690669066
c6,550.4550455045504
c7,154.01540154015402
