Parameter,Value
c1,0.9803980398039804
c2,815.4215421542154
c3,0.06432643264326433
c4,0.24472447244724474
c5,1487.5187518751875
c6,761.1161116111612
c7,326.4068406840684
