Parameter,Value
c1,1584.780993009682
c2,0.0005412779737687905
c3,0.10214174569227029
