Parameter,Value
c1,0.12766255366145662
c2,1845.9551424317574
c3,0.0370567185467572
c4,0.8601822795420985
c5,1040.6023897617238
c6,608.4550665652033
c7,155.67124951769196
