Parameter,Value
c1,1592.6959368545956
c2,0.0005380915746174118
c3,0.10568998930374972
