Parameter,Value
c1,0.4547454745474548
c2,1121.1121112111211
c3,0.00531053105310531
c4,0.23512351235123513
c5,494.8494849484948
c6,253.22532253225322
c7,393.43934393439343
