Parameter,Value
c1,0.5836583658365837
c2,932.093209320932
c3,0.0021102110211021104
c4,0.9607960796079609
c5,1986.7986798679867
c6,356.33563356335634
c7,94.9094909490949
