Parameter,Value
c1,0.6128945257629677
c2,241.25733198064748
c3,0.08263408005068333
c4,0.6030601284109274
c5,1090.1360129329298
c6,342.7638337743084
c7,304.1207890271841
