Parameter,Value
c1,0.3998399839983999
c2,146.6146614661466
c3,0.0977897789778978
c4,0.19431943194319432
c5,777.2777277727772
c6,512.3512351235123
c7,345.73457345734573
