Parameter,Value
c1,0.36163616361636164
c2,873.087308730873
c3,0.09366936693669367
c4,0.4906490649064907
c5,201.02010201020101
c6,988.5988598859885
c7,625.5625562556255
