Parameter,Value
c1,0.041904190419041906
c2,672.0672067206721
c3,0.005980598059805981
c4,0.18751875187518752
c5,158.2158215821582
c6,904.8904890489049
c7,778.077807780778
