Parameter,Value
c1,0.5054505450545055
c2,1260.12601260126
c3,0.09740974097409741
c4,0.5773577357735774
c5,1980.19801980198
c6,708.6708670867087
c7,678.067806780678
