Parameter,Value
c1,0.3122612229724653
c2,852.7026139256164
c3,0.08933891631171348
c4,0.9441600182038796
c5,1003.6733517686731
c6,623.9529517921112
c7,115.61839507929572
