Parameter,Value
c1,0.9994999499949996
c2,1577.3577357735774
c3,0.043434343434343436
c4,0.8043804380438044
c5,664.2664266426642
c6,197.51975197519752
c7,186.3186318631863
