Parameter,Value
c1,1619.320768272874
c2,0.00049242479542248
c3,0.10306172437737607
