Parameter,Value
c1,1599.7415861136685
c2,0.0004883591650887879
c3,0.10929684146192936
