Parameter,Value
c1,0.7161716171617162
c2,484.2484248424842
c3,0.07394739473947395
c4,0.6323632363236323
c5,1475.3475347534752
c6,744.6744674467446
c7,413.54135413541354
