Parameter,Value
c1,1292.7927927927926
c2,0.0009882882882882884
c3,0.07777777777777778
