Parameter,Value
c1,0.7730463025089029
c2,1787.44000906181
c3,0.09001970715308423
c4,0.235344700472071
c5,1623.91016468699
c6,495.943836827748
c7,255.28166474263097
