Parameter,Value
c1,1545.6055605734498
c2,0.00048532992484621806
c3,0.09455501502683278
