Parameter,Value
c1,0.011801180118011801
c2,68.006800680068
c3,0.07672767276727673
c4,0.49804980498049806
c5,1990.7990799079907
c6,94.5094509450945
c7,993.5993599359936
