Parameter,Value
c1,0.7691769176917692
c2,620.06200620062
c3,0.020432043204320433
c4,0.0855085508550855
c5,1231.3231323132313
c6,217.2217221722172
c7,259.5259525952595
