Parameter,Value
c1,0.24085589772362448
c2,686.9120280966499
c3,0.051312815419900216
c4,0.6666245501640716
c5,211.81697011362766
c6,130.89495066408074
c7,321.98060646830805
