Parameter,Value
c1,0.09799524677023208
c2,1654.0731787710183
c3,0.07023706982555078
c4,0.5417997209694977
c5,1302.0642510153186
c6,373.36792211015944
c7,11.06447913185346
