Parameter,Value
c1,0.4922542607182052
c2,1663.9715427753802
c3,0.06015283603108421
c4,0.6214741321190086
c5,1967.1440076075633
c6,401.0331902449781
c7,271.94098568269646
