Parameter,Value
c1,0.7039849884604883
c2,1776.231714966844
c3,0.08966201770566311
c4,0.3687175633475661
c5,1211.2007593177973
c6,463.1913592192877
c7,566.8299169890511
