Parameter,Value
c1,0.4170222110247016
c2,1362.6015315855932
c3,0.0875456841795175
c4,0.5104223374780111
c5,1338.6275659245446
c6,585.9365525622129
c7,624.9035020955998
