Parameter,Value
c1,0.5116511651165117
c2,520.8520852085209
c3,0.06838683868386838
c4,0.8916891689168918
c5,85.008500850085
c6,918.1918191819182
c7,950.5950595059505
