Parameter,Value
c1,1596.2063586274053
c2,0.0005362193339741275
c3,0.10790622430090785
