Parameter,Value
c1,0.9953584820340174
c2,711.8297314349192
c3,0.07625478137854338
c4,0.5931769165622212
c5,1383.4035974003543
c6,151.12745234808023
c7,398.8762927261565
