Parameter,Value
c1,0.3799379937993799
c2,710.1510151015102
c3,0.0863886388638864
c4,0.38493849384938494
c5,995.1795179517952
c6,205.94059405940595
c7,179.23942394239424
