Parameter,Value
c1,0.9353483202541918
c2,1714.0240096284792
c3,0.08237995154169685
c4,0.3150693117775748
c5,1315.2748671849063
c6,609.3653656665618
c7,790.5460170814656
