Parameter,Value
c1,0.39743974397439746
c2,473.8473847384738
c3,0.09763976397639765
c4,0.7781778177817782
c5,322.6322632263226
c6,160.6160616061606
c7,713.6713671367137
