Parameter,Value
c1,0.8153815381538154
c2,590.4590459045904
c3,0.03305330533053306
c4,0.15501550155015503
c5,294.4294429442944
c6,771.3771377137714
c7,150.9150915091509
