Parameter,Value
c1,0.6907208982034424
c2,1954.1085220070572
c3,0.06819314409495296
c4,0.276101744284762
c5,1094.4581500757902
c6,756.4524951948418
c7,83.3907311045958
