Parameter,Value
c1,0.6825682568256826
c2,214.021402140214
c3,0.050085008500850084
c4,0.006700670067006701
c5,827.4827482748275
c6,553.4553455345534
c7,917.5917591759176
