Parameter,Value
c1,1583.0672468808052
c2,0.0005418530177677726
c3,0.10089204285225735
