Parameter,Value
c1,0.5266526652665267
c2,1732.833283328333
c3,0.030153015301530153
c4,0.9374937493749376
c5,1010.3810381038104
c6,420.97209720972097
c7,386.8523852385238
