Parameter,Value
c1,0.14726960006132328
c2,1370.5133418678404
c3,0.01634109726906612
c4,0.7583842164617148
c5,1118.8628002068244
c6,156.36613021871418
c7,85.66819190462569
