Parameter,Value
c1,0.5503550355035504
c2,1615.5915591559155
c3,0.0745974597459746
c4,0.7282728272827282
c5,779.1279127912792
c6,500.7200720072007
c7,54.751575157515745
