Parameter,Value
c1,0.6016601660166017
c2,600.2600260026002
c3,0.04881488148814882
c4,0.33543354335433545
c5,1375.137513751375
c6,458.1458145814581
c7,462.9462946294629
