Parameter,Value
c1,0.7391739173917392
c2,1465.1465146514652
c3,0.061216121612161216
c4,0.8237823782378239
c5,1303.3303330333033
c6,50.2050205020502
c7,592.7592759275927
