Parameter,Value
c1,0.9814981498149815
c2,1001.8301830183019
c3,0.036123612361236124
c4,0.40034003400340035
c5,1494.3594359435945
c6,577.5877587758775
c7,190.02970297029702
