Parameter,Value
c1,0.6065606560656066
c2,1943.7943794379437
c3,0.047304730473047306
c4,0.7787778777877788
c5,1119.1119111911191
c6,700.6700670067006
c7,598.8598859885989
