Parameter,Value
c1,0.5527731732670348
c2,824.6360693058119
c3,0.044740396105322155
c4,0.19429687106393834
c5,1362.6465997546595
c6,361.2178815766669
c7,335.10838786001096
