Parameter,Value
c1,0.8714871487148715
c2,1867.186718671867
c3,0.09435943594359436
c4,0.5115511551155115
c5,22.202220222022202
c6,23.2023202320232
c7,111.011101110111
