Parameter,Value
c1,0.2187951864909622
c2,1525.2022356345217
c3,0.08435495618748645
c4,0.20700127163230653
c5,772.5466455171479
c6,62.885621502605574
c7,373.00597328883475
