Parameter,Value
c1,0.5428604246774043
c2,1731.9419914047376
c3,0.06521538737929415
c4,0.23297989668210628
c5,1571.7023885890899
c6,221.152147602823
c7,166.39441075798416
