Parameter,Value
c1,1490.8686553839761
c2,0.0004433343419396401
c3,0.09997587657246379
