Parameter,Value
c1,0.724972497249725
c2,1082.1082108210821
c3,0.029172917291729175
c4,0.11591159115911591
c5,1909.99099909991
c6,472.9472947294729
c7,475.8475847584758
