Parameter,Value
c1,0.32143214321432145
c2,665.4965496549655
c3,0.013091309130913092
c4,0.8698869886988699
c5,1767.2267226722672
c6,972.8172817281728
c7,15.786678667866786
