Parameter,Value
c1,0.3497349734973497
c2,399.46994699469946
c3,0.03473347334733473
c4,0.25492549254925495
c5,1202.870287028703
c6,930.5130513051305
c7,330.50315031503146
