Parameter,Value
c1,0.9773977397739775
c2,1847.1847184718472
c3,0.03957395739573957
c4,0.48554855485548554
c5,1180.3180318031802
c6,124.81248124812481
c7,367.3367336733673
