Parameter,Value
c1,0.05380538053805381
c2,650.2650265026502
c3,0.075007500750075
c4,0.867986798679868
c5,1101.5101510151014
c6,467.1467146714671
c7,956.7956795679568
