Parameter,Value
c1,0.6345130445710565
c2,1444.6992250580017
c3,0.045877554983105265
c4,0.4902791024603198
c5,1684.718407124908
c6,804.3233856159657
c7,213.22496829200938
