Parameter,Value
c1,0.7408740874087409
c2,107.4107410741074
c3,0.08285828582858286
c4,0.363936393639364
c5,219.021902190219
c6,39.603960396039604
c7,99.6099609960996
