Parameter,Value
c1,0.33703370337033706
c2,972.947294729473
c3,0.030833083308330834
c4,0.17311731173117312
c5,1192.989298929893
c6,296.75967596759676
c7,944.9495949594959
