Parameter,Value
c1,0.34473447344734476
c2,692.0992099209922
c3,0.09663966396639664
c4,0.21002100210021002
c5,1372.7472747274728
c6,717.3717371737174
c7,31.97209720972097
