Parameter,Value
c1,0.5509978018652011
c2,1184.754002442754
c3,0.05965423346272522
c4,0.3207353864746959
c5,1742.3671661373749
c6,21.893190533225916
c7,11.2217126416555
