Parameter,Value
c1,1613.2678228716557
c2,0.0004888783063712466
c3,0.10765722193791581
