Parameter,Value
c1,0.33278141198399847
c2,669.5641257709566
c3,0.040218393456252846
c4,0.20633417283858158
c5,884.7730924553027
c6,398.97186405039054
c7,166.63637988239256
