Parameter,Value
c1,0.8636863686368638
c2,89.4089408940894
c3,0.09471947194719472
c4,0.9524952495249526
c5,1163.3163316331631
c6,35.2035203520352
c7,415.7415741574157
