Parameter,Value
c1,0.5516484416237515
c2,1683.07369010637
c3,0.06308597864307196
c4,0.5473774216174306
c5,1882.2407815412757
c6,496.76495026761916
c7,124.2346252949418
