Parameter,Value
c1,1866.239129163016
c2,0.0001436713106364531
c3,0.08854364393593972
