Parameter,Value
c1,0.8418604184375916
c2,1685.3059316559747
c3,0.09526295683956038
c4,0.216166563170047
c5,1232.9304040599684
c6,521.3675252939803
c7,430.11182581700547
