Parameter,Value
c1,0.026502650265026503
c2,1171.897189718972
c3,0.027032703270327033
c4,0.014601460146014602
c5,175.81758175817583
c6,390.72907290729074
c7,777.5004500450044
