Parameter,Value
c1,0.8697869786978698
c2,1152.115211521152
c3,0.060946094609460946
c4,0.8490849084908492
c5,603.6603660366036
c6,534.7534753475347
c7,424.2424242424242
