Parameter,Value
c1,0.6810681068106811
c2,463.6963696369637
c3,0.06392639263926393
c4,0.23962396239623962
c5,1002.5902590259026
c6,786.1386138613861
c7,776.8010801080108
