Parameter,Value
c1,988.6776809393609
c2,0.0001
c3,0.09105834823472142
