Parameter,Value
c1,0.342034203420342
c2,304.4304430443044
c3,0.06653665366536654
c4,0.6330633063306331
c5,1853.185318531853
c6,584.9584958495849
c7,359.3359335933593
