Parameter,Value
c1,0.5284528452845285
c2,180.8180818081808
c3,0.024822482248224823
c4,0.19031903190319033
c5,286.028602860286
c6,712.8712871287129
c7,922.0922092209221
