Parameter,Value
c1,0.13751375137513752
c2,1985.748574857486
c3,0.09547954795479548
c4,0.0047004700470047005
c5,784.6384638463846
c6,865.7965796579658
c7,489.7596759675967
