Parameter,Value
c1,0.9971997199719972
c2,328.63286328632864
c3,0.0780978097809781
c4,0.35313531353135313
c5,1560.15601560156
c6,493.6493649364936
c7,775.1775177517751
