Parameter,Value
c1,1759.7311243041581
c2,0.0004978077297244107
c3,0.14420538345972433
