Parameter,Value
c1,0.6092639091546638
c2,1220.8025550323648
c3,0.04703401770233248
c4,0.6556576760599614
c5,1737.5023273660656
c6,607.2202315048524
c7,41.53156456274937
