Parameter,Value
c1,0.21942194219421943
c2,871.8571857185719
c3,0.09612961296129613
c4,0.41594159415941595
c5,1619.011901190119
c6,616.5616561656166
c7,246.67866786678667
