Parameter,Value
c1,1926.1642504802935
c2,0.0007452030662944713
c3,0.05190069286820085
