Parameter,Value
c1,0.24242424242424243
c2,770.2770277027703
c3,0.06735673567356736
c4,0.7517751775177518
c5,224.022402240224
c6,177.51775177517752
c7,653.7653765376538
