Parameter,Value
c1,1135.135135135135
c2,0.000281981981981982
c3,0.07162162162162163
