Parameter,Value
c1,1.0
c2,1955.6811404215714
c3,0.033309556877685366
c4,0.08060763575894822
c5,1048.0284152064266
c6,352.82189823530774
c7,839.3566428276259
