Parameter,Value
c1,0.7698769876987699
c2,1328.8528852885288
c3,0.065996599659966
c4,0.39943994399439947
c5,394.1494149414942
c6,315.031503150315
c7,796.8829882988298
