Parameter,Value
c1,0.20702070207020704
c2,1465.2865286528654
c3,0.07513751375137515
c4,0.29452945294529453
c5,1739.4839483948394
c6,503.6003600360036
c7,464.68226822682266
