Parameter,Value
c1,0.9054905490549056
c2,1253.5253525352534
c3,0.046984698469846986
c4,0.1328132813281328
c5,1009.9009900990098
c6,592.8592859285928
c7,284.4284428442844
