Parameter,Value
c1,0.6714671467146714
c2,134.81348134813481
c3,0.09143914391439144
c4,0.8627862786278628
c5,625.4625462546254
c6,417.2417241724172
c7,236.2236223622362
