Parameter,Value
c1,1527.0270270270269
c2,0.0006027027027027028
c3,0.05555555555555556
