Parameter,Value
c1,620.1201201201201
c2,0.0009423423423423424
c3,0.10015015015015016
