Parameter,Value
c1,1600.4063004646364
c2,0.0004883805515463215
c3,0.10921061724150011
