Parameter,Value
c1,0.804117795243455
c2,1545.2887269808784
c3,0.0438278352015316
c4,0.5702110932479011
c5,1704.5842678634433
c6,935.5159941462865
c7,55.82437474261581
