Parameter,Value
c1,0.018401840184018404
c2,804.4004400440044
c3,0.0034503450345034505
c4,0.014401440144014403
c5,1295.9795979597961
c6,467.5067506750675
c7,320.6120612061206
