Parameter,Value
c1,0.25529438071038485
c2,1248.79253160277
c3,0.03401138434520985
c4,0.6616819264235485
c5,1257.1191589481277
c6,438.4884224592033
c7,9.37783457422135
