Parameter,Value
c1,0.6278627862786279
c2,1431.2731273127313
c3,0.07076707670767077
c4,0.24842484248424843
c5,614.001400140014
c6,804.6804680468047
c7,713.2583258325832
