Parameter,Value
c1,0.2994299429942994
c2,58.2058205820582
c3,0.008740874087408741
c4,0.08390839083908391
c5,1075.5075507550755
c6,792.9792979297929
c7,398.3398339833983
