Parameter,Value
c1,0.019001900190019003
c2,1637.9637963796379
c3,0.033913391339133916
c4,0.043004300430043
c5,468.84688468846883
c6,366.73667366736674
c7,967.2967296729672
