Parameter,Value
c1,1477.54031599893
c2,0.0004745588850785938
c3,0.10191919580700233
