Parameter,Value
c1,2000.0
c2,0.0005130325295868302
c3,0.16663902312865028
