Parameter,Value
c1,1561.5615615615616
c2,0.0001009009009009009
c3,0.12447447447447449
