Parameter,Value
c1,0.501950195019502
c2,846.0146014601461
c3,0.06825682568256826
c4,0.43614361436143617
c5,1839.6239623962397
c6,350.04500450045003
c7,392.3474347434743
