Parameter,Value
c1,0.5851585158515852
c2,1715.7715771577157
c3,0.020112011201120113
c4,0.7661766176617663
c5,798.4798479847984
c6,851.3851385138513
c7,280.52805280528054
