Parameter,Value
c1,0.8658644583032646
c2,1967.0432184071112
c3,0.007936579037801572
c4,0.42834727470094924
c5,409.0857190928554
c6,450.6364905187348
c7,547.763572628854
