Parameter,Value
c1,0.44964496449644964
c2,289.22892289228923
c3,0.029122912291229125
c4,0.49624962496249625
c5,24.8024802480248
c6,446.4446444644464
c7,961.7961796179618
