Parameter,Value
c1,0.5997599759975998
c2,1491.3191319131913
c3,0.05883588358835884
c4,0.7900790079007901
c5,1814.7314731473148
c6,686.0486048604861
c7,85.32403240324032
