Parameter,Value
c1,0.7013701370137014
c2,1122.1122112211222
c3,0.07668766876687669
c4,0.9429942994299431
c5,1434.3134313431344
c6,953.1953195319531
c7,193.32673267326732
