Parameter,Value
c1,0.9407940794079408
c2,136.2136213621362
c3,0.027882788278827883
c4,0.5118511851185119
c5,1766.7766776677668
c6,941.5941594159416
c7,81.2081208120812
