Parameter,Value
c1,0.32363236323632366
c2,915.4915491549154
c3,0.09432943294329434
c4,0.2554255425542554
c5,1480.7480748074806
c6,571.7571757175717
c7,518.1518151815181
