Parameter,Value
c1,0.46174617461746176
c2,1168.8568856885688
c3,0.041354135413541354
c4,0.6786678667866787
c5,1464.7164716471648
c6,955.1755175517552
c7,968.2286228622862
