Parameter,Value
c1,0.6595527916991616
c2,1623.2374996212134
c3,0.037410309249179485
c4,0.3306104951441745
c5,1567.127982059632
c6,902.7701151363125
c7,211.25875547119924
