Parameter,Value
c1,0.915991599159916
c2,1551.3551355135512
c3,0.0892989298929893
c4,0.7596759675967597
c5,875.6875687568756
c6,860.4860486048605
c7,401.7401740174017
