Parameter,Value
c1,0.6080608060806081
c2,1359.9359935993598
c3,0.030803080308030806
c4,0.770877087708771
c5,235.8235823582358
c6,801.3801380138013
c7,776.1776177617761
