Parameter,Value
c1,0.9562956295629563
c2,822.2822282228223
c3,0.04474447444744475
c4,0.5214521452145214
c5,1232.7232723272327
c6,342.5342534253425
c7,891.8891889188918
