Parameter,Value
c1,0.5416541654165417
c2,1312.5112511251125
c3,0.06454645464546455
c4,0.8827882788278828
c5,909.2909290929093
c6,284.9684968496849
c7,465.48154815481547
