Parameter,Value
c1,0.5885477250802453
c2,970.0324679367701
c3,0.092157870407673
c4,0.3686448416088419
c5,1381.3255843533343
c6,670.479155046796
c7,339.3334063779161
