Parameter,Value
c1,0.9960863273678254
c2,1561.8549404405285
c3,0.05737741136588245
c4,0.10263525921079586
c5,1429.6847420685378
c6,695.0510805951379
c7,50.04803349215354
