Parameter,Value
c1,0.17981798179817982
c2,1048.1948194819483
c3,0.05860586058605861
c4,0.7237723772377238
c5,467.11671167116714
c6,126.37263726372638
c7,789.4896489648964
