Parameter,Value
c1,0.4837483748374838
c2,590.4390439043905
c3,0.03195319531953195
c4,0.06610661066106611
c5,1971.4971497149716
c6,839.7839783978397
c7,620.3420342034203
