Parameter,Value
c1,0.9720972097209721
c2,1494.7494749474947
c3,0.016661666166616663
c4,0.5497549754975498
c5,1099.3099309930992
c6,781.078107810781
c7,41.9041904190419
