Parameter,Value
c1,0.49234923492349236
c2,1009.4309430943094
c3,0.018451845184518454
c4,0.16881688168816883
c5,276.1476147614761
c6,496.4896489648965
c7,717.9540954095409
