Parameter,Value
c1,0.8321832183218322
c2,210.02100210021
c3,0.03818381838183819
c4,0.9037903790379038
c5,328.5928592859286
c6,472.36723672367236
c7,926.3663366336633
