Parameter,Value
c1,0.12863119750938
c2,163.56017418797043
c3,0.01384155727815898
c4,0.3993787101028001
c5,848.6137221619838
c6,562.2183787309057
c7,122.24354963250505
