Parameter,Value
c1,0.5193519351935194
c2,283.2283228322832
c3,0.026252625262526252
c4,0.7600760076007601
c5,1234.5234523452345
c6,400.5400540054005
c7,596.7596759675968
