Parameter,Value
c1,0.5542602793242677
c2,860.3642407146408
c3,0.03803065325765285
c4,0.43288049106853865
c5,1447.0650761139689
c6,277.7702874847322
c7,33.188010685937684
