Parameter,Value
c1,0.6733341906747099
c2,1755.6482418793614
c3,0.07545425330514527
c4,0.45254816145093024
c5,1864.7904354423908
c6,154.8615201907381
c7,63.37283262073268
