Parameter,Value
c1,1689.1891891891892
c2,0.00046846846846846843
c3,0.14024024024024026
