Parameter,Value
c1,0.1409140914091409
c2,1276.027602760276
c3,0.025262526252625265
c4,0.5151515151515151
c5,577.1377137713771
c6,130.87308730873087
c7,767.2097209720972
