Parameter,Value
c1,0.5233523352335234
c2,835.3735373537354
c3,0.04684468446844685
c4,0.35313531353135313
c5,1381.6781678167818
c6,232.3132313231323
c7,666.5004500450044
