Parameter,Value
c1,0.5761576157615762
c2,1915.5915591559155
c3,0.0963996399639964
c4,0.7458745874587459
c5,1424.7424742474248
c6,41.1041104110411
c7,587.5587558755875
