Parameter,Value
c1,0.33073307330733076
c2,962.4962496249624
c3,0.0965896589658966
c4,0.20782078207820784
c5,1615.7615761576158
c6,209.7209720972097
c7,476.047604760476
