Parameter,Value
c1,1681.5836303637702
c2,0.0004703729064109751
c3,0.12187342334926232
