Parameter,Value
c1,0.9495949594959496
c2,108.55085508550854
c3,0.003940394039403941
c4,0.16011601160116012
c5,611.9111911191119
c6,962.2862286228623
c7,24.578757875787577
