Parameter,Value
c1,0.826982698269827
c2,1271.927192719272
c3,0.0964996499649965
c4,0.6294629462946295
c5,102.6102610261026
c6,116.5116511651165
c7,782.978297829783
