Parameter,Value
c1,0.42604260426042606
c2,128.8828882888289
c3,0.020282028202820282
c4,0.15431543154315433
c5,381.22812281228124
c6,694.3294329432944
c7,352.38343834383437
