Parameter,Value
c1,0.1632163216321632
c2,287.6287628762876
c3,0.032773277327732775
c4,0.44454445444544455
c5,762.8762876287628
c6,309.23092309230924
c7,668.9668966896689
