Parameter,Value
c1,0.6964691855978616
c2,572.2786699007589
c3,0.022685145356420314
c4,0.5513147690828912
c5,1438.9379395711262
c6,423.10646012446097
c7,980.7641983846155
