Parameter,Value
c1,0.045504550455045506
c2,582.4582458245824
c3,0.09211921192119213
c4,0.6075607560756076
c5,63.406340634063405
c6,943.6943694369436
c7,878.5878587858786
