Parameter,Value
c1,0.6715671567156716
c2,1652.5652565256526
c3,0.006450645064506451
c4,0.6898689868986899
c5,1884.988498849885
c6,292.7292729272927
c7,285.5285528552855
