Parameter,Value
c1,0.7214103378866765
c2,1721.0803360659436
c3,0.07649505000043466
c4,0.26023021950832026
c5,1398.2933634553
c6,656.2797355902472
c7,22.211029920210766
