Parameter,Value
c1,0.19241924192419244
c2,58.005800580058
c3,0.005670567056705671
c4,0.47024702470247026
c5,214.021402140214
c6,612.3612361236123
c7,614.2614261426143
