Parameter,Value
c1,0.6817681768176818
c2,998.8998899889989
c3,0.047824782478247826
c4,0.596959695969597
c5,1535.5535553555355
c6,916.3916391639164
c7,422.14221422142214
