Parameter,Value
c1,0.3412341234123413
c2,447.35473547354735
c3,0.009630963096309631
c4,0.010901090109010901
c5,1727.1327132713272
c6,709.2709270927093
c7,489.16021602160214
