Parameter,Value
c1,0.9537953795379538
c2,267.2267226722672
c3,0.08522852285228523
c4,0.5924592459245924
c5,613.8613861386139
c6,904.4904490449045
c7,902.4902490249025
