Parameter,Value
c1,0.8193100964892557
c2,1952.1594693242412
c3,0.07874757524408045
c4,0.1673593963969946
c5,1658.9209109297826
c6,612.2202472320283
c7,111.97021203355479
