Parameter,Value
c1,1082.5825825825825
c2,0.000918018018018018
c3,0.12252252252252253
