Parameter,Value
c1,0.2509856416784341
c2,1237.5406479529393
c3,0.03308137495734281
c4,0.6621674190327361
c5,1258.085575076161
c6,459.89072332598454
c7,1.0
