Parameter,Value
c1,0.0702070207020702
c2,212.2212221222122
c3,0.046294629462946296
c4,0.09570957095709572
c5,1642.964296429643
c6,872.087208720872
c7,115.21152115211521
