Parameter,Value
c1,0.148014801480148
c2,1089.9089908990898
c3,0.08793879387938794
c4,0.4588458845884589
c5,1938.3938393839383
c6,441.94419441944194
c7,95.7095709570957
