Parameter,Value
c1,0.45324532453245325
c2,1666.166616661666
c3,0.09773977397739775
c4,0.9760976097609761
c5,1221.7221722172217
c6,510.1510151015101
c7,592.9592959295929
