Parameter,Value
c1,0.7065706570657065
c2,252.6252625262526
c3,0.06090609060906091
c4,0.45364536453645365
c5,1216.5216521652164
c6,28.9028902890289
c7,435.9435943594359
