Parameter,Value
c1,0.567956795679568
c2,1613.5613561356136
c3,0.015391539153915392
c4,0.18121812181218122
c5,826.0826082608261
c6,525.5525552555255
c7,219.6219621962196
