Parameter,Value
c1,0.44174417441744174
c2,941.8941894189419
c3,0.01728172817281728
c4,0.8985898589858986
c5,1891.189118911891
c6,482.1482148214821
c7,174.017401740174
