Parameter,Value
c1,0.9438943894389439
c2,1712.171217121712
c3,0.09276927692769277
c4,0.5404540454045405
c5,512.6512651265126
c6,126.81268126812681
c7,486.4486448644864
