Parameter,Value
c1,0.5016501650165016
c2,1391.7391739173916
c3,0.049024902490249024
c4,0.7880788078807881
c5,519.051905190519
c6,423.9423942394239
c7,502.6502650265026
