Parameter,Value
c1,0.17108182920509907
c2,1675.3140055535919
c3,0.033867084591432665
c4,0.5523700752940731
c5,1199.2477894067827
c6,569.379753457599
c7,3.6853765097463715
