Parameter,Value
c1,0.6780678067806781
c2,1202.1102110211023
c3,0.0006500650065006501
c4,0.7417741774177418
c5,983.3983398339834
c6,585.1485148514851
c7,523.5292529252926
