Parameter,Value
c1,0.14421442144214422
c2,698.5598559855986
c3,0.06682668266826683
c4,0.9266926692669267
c5,1177.2177217721774
c6,267.1467146714672
c7,796.1836183618361
