Parameter,Value
c1,0.5997599759975998
c2,1937.5937593759375
c3,0.041084108410841085
c4,0.9157915791579159
c5,896.4896489648964
c6,810.08100810081
c7,709.070907090709
