Parameter,Value
c1,0.6984698469846985
c2,579.4579457945795
c3,0.017421742174217422
c4,0.22972297229722974
c5,1632.163216321632
c6,53.7053705370537
c7,256.1256125612561
