Parameter,Value
c1,1592.8257203241196
c2,0.000538023743392619
c3,0.1057694232178013
