Parameter,Value
c1,0.42584258425842586
c2,1976.4376437643766
c3,0.06296629662966297
c4,0.13731373137313732
c5,854.3754375437544
c6,692.7092709270927
c7,712.6588658865886
