Parameter,Value
c1,0.8263599869510941
c2,1272.8795770458446
c3,0.0660118818312914
c4,0.5870482783696799
c5,1699.6730916625975
c6,539.3068043200524
c7,362.79835624036855
