Parameter,Value
c1,0.9389065014414887
c2,1644.2277502814331
c3,0.09163804494351352
c4,0.19810063662234956
c5,1281.484260888708
c6,671.9686240022515
c7,603.3026890564396
