Parameter,Value
c1,0.7057705770577057
c2,1318.7818781878188
c3,0.05498549854985499
c4,0.9091909190919092
c5,1157.835783578358
c6,303.06030603060304
c7,840.6435643564356
