Parameter,Value
c1,0.8393839383938394
c2,1615.1615161516152
c3,0.08898889888988899
c4,0.7820782078207821
c5,1212.3212321232122
c6,841.8841884188419
c7,693.6693669366937
