Parameter,Value
c1,797.2972972972973
c2,0.00027117117117117116
c3,0.11231231231231233
