Parameter,Value
c1,0.0823082308230823
c2,889.2889288928892
c3,0.023212321232123214
c4,0.5995599559955995
c5,1310.1310131013101
c6,466.4466446644664
c7,532.2532253225322
