Parameter,Value
c1,0.8118811881188119
c2,1971.1171117111712
c3,0.0828982898289829
c4,0.7595759575957596
c5,1113.1813181318132
c6,843.6543654365437
c7,992.6066606660665
