Parameter,Value
c1,0.48264826482648265
c2,1869.076907690769
c3,0.04388438843884389
c4,0.18841884188418842
c5,1879.3379337933793
c6,496.93969396939696
c7,622.2403240324032
