Parameter,Value
c1,0.2446624459936
c2,1706.7712142756434
c3,0.03703876024684625
c4,0.5212968284618504
c5,979.4650387483935
c6,134.48075396089442
c7,366.163030681253
