Parameter,Value
c1,0.5833583358335834
c2,1727.5727572757276
c3,0.0033303330333033306
c4,0.468946894689469
c5,375.63756375637564
c6,829.082908290829
c7,926.092609260926
