Parameter,Value
c1,0.5421881972161413
c2,1486.1346139214513
c3,0.04961029761910601
c4,0.34955436980230237
c5,1777.8953693902367
c6,969.6156683471057
c7,143.51183817782044
