Parameter,Value
c1,0.36543654365436545
c2,873.947394739474
c3,0.025312531253125315
c4,0.09940994099409942
c5,1851.2151215121512
c6,809.6309630963096
c7,311.1206120612061
