Parameter,Value
c1,0.685968596859686
c2,150.54505450545054
c3,0.06743674367436744
c4,0.22422242224222422
c5,1618.061806180618
c6,491.44914491449146
c7,290.7389738973897
