Parameter,Value
c1,1585.2366080016184
c2,0.0005411208703574722
c3,0.10232362614166067
