Parameter,Value
c1,1534.5345345345345
c2,0.00011711711711711712
c3,0.15435435435435435
