Parameter,Value
c1,0.8726872687268727
c2,158.2158215821582
c3,0.08787878787878788
c4,0.38353835383538354
c5,116.4116411641164
c6,727.2727272727273
c7,241.1241124112411
