Parameter,Value
c1,1769.5394624906203
c2,0.0005355623782506577
c3,0.15479293969850216
