Parameter,Value
c1,0.6320597712982398
c2,1444.409425829991
c3,0.08361312029679209
c4,0.2815485037186807
c5,552.8178073859633
c6,924.1836757132324
c7,721.904654570679
