Parameter,Value
c1,0.5575557555755576
c2,1033.3733373337334
c3,0.08961896189618962
c4,0.6938693869386939
c5,1416.0716071607162
c6,898.919891989199
c7,814.6669666966696
