Parameter,Value
c1,983.4834834834835
c2,0.00032882882882882884
c3,0.06996996996996997
