Parameter,Value
c1,0.28253660762230803
c2,598.1296697043857
c3,0.0901064970582798
c4,0.3017626470947048
c5,1376.919945703919
c6,669.4791114395422
c7,52.769553738755434
