Parameter,Value
c1,0.9551955195519553
c2,349.8349834983498
c3,0.0374037403740374
c4,0.6684668466846685
c5,1315.131513151315
c6,960.3960396039604
c7,924.1924192419241
