Parameter,Value
c1,0.07900790079007901
c2,112.92129212921293
c3,0.02251225122512251
c4,0.7973797379737974
c5,312.82128212821283
c6,903.5103510351036
c7,483.3654365436543
