Parameter,Value
c1,0.9599959995999601
c2,1553.6453645364536
c3,0.015491549154915492
c4,0.8161816181618162
c5,558.8958895889589
c6,681.1881188118812
c7,620.4419441944194
