Parameter,Value
c1,0.8067768966266566
c2,1594.133711637572
c3,0.09947309718119601
c4,0.21166987773500556
c5,1615.9321201588018
c6,371.14551924421903
c7,267.18647505196174
