Parameter,Value
c1,0.16611661166116612
c2,1448.5448544854485
c3,0.09171917191719173
c4,0.9385938593859386
c5,493.2493249324932
c6,146.6146614661466
c7,836.6836683668366
