Parameter,Value
c1,0.9388938893889389
c2,1275.4575457545754
c3,0.0036903690369036904
c4,0.30783078307830786
c5,1619.96199619962
c6,474.97749774977495
c7,506.5445544554455
