Parameter,Value
c1,0.48724872487248727
c2,1530.7530753075307
c3,0.007670767076707671
c4,0.08150815081508152
c5,940.6940694069407
c6,385.03850385038504
c7,108.31083108310831
