Parameter,Value
c1,591.5915915915916
c2,0.0007126126126126126
c3,0.16066066066066068
