Parameter,Value
c1,0.7697679224217304
c2,1846.5175399704694
c3,0.06622475828409614
c4,0.7529242656036499
c5,1342.485792731608
c6,511.4744203563252
c7,13.351401498833958
