Parameter,Value
c1,0.6746890509878248
c2,1684.6848752405147
c3,0.008319498833243876
c4,0.7636828414433382
c5,487.332749073748
c6,194.22296057877085
c7,572.4569574914731
