Parameter,Value
c1,0.6523652365236524
c2,781.6781678167816
c3,0.08442844284428443
c4,0.4845484548454846
c5,526.4526452645264
c6,675.2675267526753
c7,694.8694869486949
