Parameter,Value
c1,0.8911891189118912
c2,1162.7162716271625
c3,0.021322132213221323
c4,0.05730573057305731
c5,1190.7190719071907
c6,846.984698469847
c7,447.7447744774477
