Parameter,Value
c1,0.15895964414472274
c2,306.1410302495462
c3,0.0695529528770911
c4,0.31876642638187636
c5,1383.9405910636392
c6,554.3832497177721
c7,388.9505741231446
