Parameter,Value
c1,0.5957065540305397
c2,1520.898201613975
c3,0.06089212230852412
c4,0.7484457487290606
c5,1839.9415994090443
c6,659.8748345178464
c7,67.30319689486711
