Parameter,Value
c1,0.9534953495349535
c2,1837.3837383738373
c3,0.024562456245624562
c4,0.17581758175817583
c5,931.8931893189318
c6,908.9908990899089
c7,877.3877387738773
