Parameter,Value
c1,0.022902290229022904
c2,1918.1918191819182
c3,0.010891089108910892
c4,0.041504150415041505
c5,166.2166216621662
c6,172.71727172717272
c7,46.004600460046
