Parameter,Value
c1,0.5964312107031232
c2,1520.4897798936295
c3,0.06047364513450321
c4,0.7503985170381832
c5,1835.21320166885
c6,664.1043487953922
c7,72.1392030390285
