Parameter,Value
c1,0.3941394139413942
c2,492.2492249224922
c3,0.0674867486748675
c4,0.42154215421542157
c5,1546.3546354635462
c6,211.32113211321132
c7,644.2644264426442
