Parameter,Value
c1,0.47044704470447046
c2,122.8122812281228
c3,0.013161316131613162
c4,0.6622662266226623
c5,1319.3319331933192
c6,175.8175817581758
c7,897.3897389738974
