Parameter,Value
c1,0.9664966496649665
c2,444.50445044504454
c3,0.0029502950295029503
c4,0.10161016101610161
c5,844.1144114411442
c6,551.3051305130514
c7,108.1035103510351
