Parameter,Value
c1,0.6096609660966097
c2,1162.7762776277627
c3,0.08795879587958796
c4,0.45184518451845185
c5,1371.7971797179719
c6,766.4266426642664
c7,266.06120612061204
