Parameter,Value
c1,0.8494317940777896
c2,1448.9106497212704
c3,0.06110235106775829
c4,0.7224433825702216
c5,645.9178277063564
c6,361.7886556223141
c7,228.26323087895562
