Parameter,Value
c1,647.1471471471472
c2,0.0005369369369369369
c3,0.09684684684684686
