Parameter,Value
c1,0.5975153706690396
c2,1520.3110706651805
c3,0.05981214910266524
c4,0.7537845936801134
c5,1828.262676309753
c6,670.9614589130412
c7,79.50358737209193
