Parameter,Value
c1,0.7361478444021091
c2,1392.0990516667314
c3,0.067214877072552
c4,0.3043675252308977
c5,1997.3562109334039
c6,313.7210605606401
c7,144.91029139580206
