Parameter,Value
c1,0.23602360236023603
c2,1424.2424242424242
c3,0.09090909090909091
c4,0.13931393139313933
c5,507.7807780778078
c6,644.014401440144
c7,722.2502250225023
