Parameter,Value
c1,1560.1754078549152
c2,0.0004914700622615486
c3,0.11954909505261496
