Parameter,Value
c1,0.35693569356935695
c2,1526.4726472647264
c3,0.06254625462546255
c4,0.061906190619061906
c5,373.24732473247326
c6,375.4275427542754
c7,419.6228622862286
