Parameter,Value
c1,1772.5241332067571
c2,0.0002631825515487421
c3,0.06343932624837863
