Parameter,Value
c1,0.5748272299755575
c2,1456.501086901736
c3,0.03974000620386129
c4,0.7675726849234991
c5,1908.9204560473795
c6,711.809671618777
c7,139.77629205504257
