Parameter,Value
c1,0.8309402349350506
c2,1743.9332449202977
c3,0.07085964377323248
c4,0.23113990855449895
c5,1343.9940390604404
c6,212.18937601139538
c7,198.07773320310173
