Parameter,Value
c1,0.37753775377537757
c2,658.6658665866586
c3,0.0062606260626062605
c4,0.5346534653465347
c5,404.84048404840485
c6,715.5715571557155
c7,77.30773077307731
