Parameter,Value
c1,0.44574457445744575
c2,868.6868686868686
c3,0.041334133413341335
c4,0.6528652865286528
c5,1479.7479747974796
c6,403.14031403140314
c7,245.3245324532453
