Parameter,Value
c1,0.18811881188118812
c2,731.6731673167317
c3,0.0034003400340034003
c4,0.7072707270727073
c5,1290.12901290129
c6,728.1728172817282
c7,924.4924492449244
