Parameter,Value
c1,0.27504500503189805
c2,1272.6127096141327
c3,0.03129686634225715
c4,0.67749426779699
c5,1218.012674981645
c6,383.86619477905305
c7,146.9178507552518
