Parameter,Value
c1,0.7877942832017515
c2,1766.8373503390624
c3,0.07522256302926678
c4,0.22019688807092797
c5,1431.3850315440118
c6,733.7215492665216
c7,67.74599715427554
