Parameter,Value
c1,1529.916382540723
c2,0.0004917216870191625
c3,0.10379683592069525
