Parameter,Value
c1,1625.896495436579
c2,0.00047068822118387685
c3,0.09894336830251894
