Parameter,Value
c1,1615.6963481290638
c2,0.000488978525400518
c3,0.10739849177066159
