Parameter,Value
c1,0.591959195919592
c2,426.8426842684268
c3,0.09896989698969898
c4,0.24652465246524655
c5,37.8037803780378
c6,550.05500550055
c7,948.6948694869486
