Parameter,Value
c1,662.1621621621622
c2,0.000563963963963964
c3,0.0894894894894895
