Parameter,Value
c1,0.2506250625062506
c2,329.4329432943294
c3,0.07914791479147915
c4,0.30263026302630264
c5,503.8503850385038
c6,740.2740274027402
c7,265.5265526552655
