Parameter,Value
c1,0.7087110329612979
c2,1664.2579689692852
c3,0.09305954539806116
c4,0.38161569991262256
c5,1813.797585019526
c6,633.773502813805
c7,239.67877470250846
