Parameter,Value
c1,0.9051905190519052
c2,429.3029302930293
c3,0.004470447044704471
c4,0.943994399439944
c5,866.3466346634664
c6,682.2682268226822
c7,309.32223222322233
