Parameter,Value
c1,0.1646741537522709
c2,1462.5939659936753
c3,0.010709307999892382
c4,0.6638869347668793
c5,1248.8949874002462
c6,198.27687625358283
c7,115.19745317100592
