Parameter,Value
c1,0.703548055990778
c2,1361.278968624507
c3,0.0795367230953332
c4,0.3291264570587077
c5,631.9920209071051
c6,864.4632855449894
c7,555.3434168615115
