Parameter,Value
c1,0.18766115119095572
c2,1491.8845965934322
c3,0.04449488320068299
c4,0.6740082476480298
c5,1197.9942977798823
c6,537.8596875126057
c7,13.678882527612016
