Parameter,Value
c1,0.5970486972054584
c2,1520.3037842091342
c3,0.06010631578074571
c4,0.7522278094639493
c5,1831.260779235226
c6,667.8799454997559
c7,76.27887806218055
