Parameter,Value
c1,0.3067565476388201
c2,1267.089582512452
c3,0.035118113034613055
c4,0.6179396890628445
c5,1274.5585255480798
c6,498.57268444869584
c7,116.68042328993813
