Parameter,Value
c1,0.19711971197119713
c2,1417.7417741774177
c3,0.05488548854885489
c4,0.9332933293329333
c5,813.4813481348134
c6,658.9658965896589
c7,141.014101410141
