Parameter,Value
c1,0.23152315231523152
c2,983.8983898389838
c3,0.06498649864986498
c4,0.7208720872087209
c5,1103.9103910391038
c6,868.4868486848684
c7,282.8282828282828
