Parameter,Value
c1,0.28646459872902896
c2,1681.4590662998805
c3,0.055465830880892186
c4,0.5727052482374386
c5,1237.2914575950088
c6,413.4300878830853
c7,53.8309127495368
