Parameter,Value
c1,0.98834541928282
c2,1810.6831513232198
c3,0.02076358611963245
c4,0.2924894127924248
c5,1040.020306144967
c6,901.9113726606705
c7,983.6308849117232
