Parameter,Value
c1,0.7363736373637364
c2,1821.3821382138215
c3,0.05264526452645265
c4,0.48164816481648165
c5,1099.8799879988
c6,397.92979297929793
c7,948.6462646264625
