Parameter,Value
c1,0.3061306130613061
c2,764.8764876487649
c3,0.031173117311731176
c4,0.46154615461546156
c5,932.8532853285329
c6,211.43114311431142
c7,252.27362736273625
