Parameter,Value
c1,962.4624624624624
c2,0.0005477477477477477
c3,0.09084084084084085
