Parameter,Value
c1,1586.6887895145492
c2,0.0005406183749433595
c3,0.10288465665619313
