Parameter,Value
c1,1981.026646745586
c2,0.00046779412037120026
c3,0.14838846543327122
