Parameter,Value
c1,0.9657965796579658
c2,1930.4530453045306
c3,0.039413941394139416
c4,0.24692469246924692
c5,1134.083408340834
c6,406.030603060306
c7,851.9333933393339
