Parameter,Value
c1,0.9251324896139861
c2,1683.3399938254324
c3,0.03573975666831763
c4,0.04359146379904055
c5,609.536146822195
c6,398.18568191798096
c7,704.9588304513622
