Parameter,Value
c1,0.49504950495049505
c2,1793.5793579357935
c3,0.0031503150315031502
c4,0.7190719071907191
c5,1098.109810981098
c6,888.3888388838883
c7,323.3323332333233
