Parameter,Value
c1,0.8936893689368938
c2,751.1951195119512
c3,0.08328832883288328
c4,0.6165616561656165
c5,1159.7359735973598
c6,457.4257425742574
c7,79.02970297029702
