Parameter,Value
c1,0.7176549888944281
c2,1773.9533226516223
c3,0.08562392446557116
c4,0.24715269469739098
c5,1456.9750979658636
c6,288.6475019484404
c7,316.71033188564104
