Parameter,Value
c1,0.14711471147114713
c2,1187.3187318731873
c3,0.05557555755575558
c4,0.20822082208220824
c5,1758.175817581758
c6,624.7624762476247
c7,383.93839383938393
