Parameter,Value
c1,1634.2271605216085
c2,0.0004641548169297339
c3,0.10509138225129028
