Parameter,Value
c1,0.47034703470347033
c2,1224.1524152415243
c3,0.029062906290629065
c4,0.5651565156515652
c5,580.1780178017802
c6,568.5868586858686
c7,475.37263726372635
