Parameter,Value
c1,0.6191619161916192
c2,173.61736173617362
c3,0.019381938193819382
c4,0.19161916191619163
c5,1713.7713771377137
c6,589.4589458945894
c7,52.005200520052
