Parameter,Value
c1,1541.3322752679344
c2,0.00045129384358881563
c3,0.063695805976305
