Parameter,Value
c1,0.26732673267326734
c2,226.74267426742676
c3,0.049574957495749576
c4,0.9798979897989799
c5,1031.8531853185318
c6,106.21062106210621
c7,852.4329432943293
