Parameter,Value
c1,0.45244524452445245
c2,1653.5653565356536
c3,0.0355935593559356
c4,0.8057805780578058
c5,1269.92699269927
c6,328.8328832883288
c7,329.8329832983298
