Parameter,Value
c1,1913.64506605845
c2,0.0008504012174772367
c3,0.18535480873188104
