Parameter,Value
c1,1587.9576733325446
c2,0.0005401689243722304
c3,0.10336674903661965
