Parameter,Value
c1,0.5989893121083604
c2,1095.0364458961974
c3,0.000582548558395124
c4,0.3856756987255201
c5,761.6655520830518
c6,260.7690687620812
c7,133.62841156199912
