Parameter,Value
c1,0.6848297385848633
c2,961.8638029687219
c3,0.03921175181941505
c4,0.3431780161508694
c5,1458.0994147680833
c6,438.5722446796244
c7,59.67789660956835
