Parameter,Value
c1,0.18361836183618363
c2,1040.5040504050405
c3,0.06354635463546354
c4,0.043104310431043104
c5,369.2369236923692
c6,367.2367236723672
c7,895.4895489548954
