Parameter,Value
c1,0.0817081708170817
c2,1312.3312331233124
c3,0.06281628162816282
c4,0.5532553255325533
c5,411.2411241124112
c6,140.51405140514052
c7,51.605160516051605
