Parameter,Value
c1,0.1338133813381338
c2,1389.2789278927894
c3,0.05552555255525553
c4,0.750975097509751
c5,1496.4496449644964
c6,138.25382538253825
c7,878.7092709270927
