Parameter,Value
c1,0.8683868386838685
c2,1815.7815781578156
c3,0.06764676467646764
c4,0.1262126212621262
c5,57.8057805780578
c6,207.8207820782078
c7,662.7662766276627
