Parameter,Value
c1,0.24772477247724772
c2,628.2628262826282
c3,0.04566456645664567
c4,0.037703770377037704
c5,788.0788078807881
c6,569.3569356935693
c7,238.2238223822382
