Parameter,Value
c1,0.16931693169316933
c2,807.6307630763076
c3,0.06712671267126713
c4,0.6985698569856986
c5,1946.4146414641466
c6,211.52115211521152
c7,828.6543654365436
