Parameter,Value
c1,0.5670567056705671
c2,98.60986098609861
c3,0.010641064106410641
c4,0.4626462646264627
c5,159.8159815981598
c6,192.71927192719272
c7,201.82018201820182
