Parameter,Value
c1,0.2635837215754181
c2,1256.4103073216036
c3,0.03410264895453521
c4,0.6792592113807865
c5,1276.129690483932
c6,436.5320198459318
c7,8.045636615121522
