Parameter,Value
c1,0.6061644042341289
c2,1606.6289127676632
c3,0.053798665859272427
c4,0.6308586078466359
c5,1965.3848750957825
c6,646.7775523658074
c7,205.53426983287287
