Parameter,Value
c1,0.048804880488048805
c2,1253.985398539854
c3,0.007600760076007601
c4,0.40864086408640865
c5,831.0031003100311
c6,645.1845184518452
c7,98.5121512151215
