Parameter,Value
c1,0.41954195419541956
c2,1647.3647364736473
c3,0.06460646064606461
c4,0.6910691069106911
c5,858.4858485848584
c6,186.1186118611861
c7,180.1180118011801
