Parameter,Value
c1,1819.15945961812
c2,0.0004896970475719806
c3,0.17404316963668612
