Parameter,Value
c1,0.30883088308830886
c2,739.4739473947394
c3,0.05141514151415141
c4,0.6175617561756176
c5,8.2008200820082
c6,743.6743674367436
c7,196.019601960196
