Parameter,Value
c1,0.7607760776077608
c2,1581.7581758175816
c3,0.031243124312431245
c4,0.2591259125912591
c5,1316.5316531653164
c6,62.8062806280628
c7,185.8185818581858
