Parameter,Value
c1,0.7200720072007201
c2,1277.127712771277
c3,0.03651365136513651
c4,0.837983798379838
c5,304.6304630463046
c6,897.089708970897
c7,812.2812281228122
