Parameter,Value
c1,0.18521852185218524
c2,1507.5507550755074
c3,0.029462946294629463
c4,0.5583558355835584
c5,943.0943094309431
c6,150.3150315031503
c7,682.1682168216821
