Parameter,Value
c1,0.6117611761176118
c2,1189.7189718971897
c3,0.03786378637863787
c4,0.5275527552755276
c5,231.6231623162316
c6,505.1505150515051
c7,165.3165316531653
