Parameter,Value
c1,0.5462546254625462
c2,1531.7531753175317
c3,0.057365736573657365
c4,0.43484348434843484
c5,436.4436443644364
c6,857.085708570857
c7,702.3702370237023
