Parameter,Value
c1,0.45670200970166275
c2,1999.9455367613104
c3,0.019364546082535218
c4,0.24656072475179092
c5,508.3499228200581
c6,13.649328547082785
c7,941.2491558068443
