Parameter,Value
c1,1999.0626948688305
c2,0.0004410497670515898
c3,0.18600564144254103
