Parameter,Value
c1,0.5673567356735674
c2,583.2583258325832
c3,0.020192019201920194
c4,0.5803580358035804
c5,1352.7352735273528
c6,981.6981698169816
c7,822.6822682268227
