Parameter,Value
c1,0.28682868286828683
c2,990.8090809080909
c3,0.005630563056305631
c4,0.6946694669466947
c5,321.3721372137214
c6,370.02700270027003
c7,957.7380738073807
