Parameter,Value
c1,0.44614461446144615
c2,1847.034703470347
c3,0.08272827282728273
c4,0.11381138113811382
c5,1057.885788578858
c6,704.4104410441045
c7,492.6570657065706
