Parameter,Value
c1,0.42814281428142814
c2,1999.2399239923993
c3,0.03384338433843385
c4,0.76997699769977
c5,292.8692869286929
c6,641.4041404140414
c7,96.4140414041404
