Parameter,Value
c1,0.25212521252125214
c2,645.064506450645
c3,0.03513351335133513
c4,0.858885888588859
c5,335.83358335833583
c6,225.22252225222522
c7,786.4786478647865
