Parameter,Value
c1,0.011901190119011902
c2,833.4733473347335
c3,0.058085808580858087
c4,0.9494949494949495
c5,863.1163116311632
c6,758.6858685868586
c7,892.097209720972
