Parameter,Value
c1,0.6004762293867285
c2,1498.3266811774663
c3,0.05863093419219158
c4,0.7817827397568904
c5,1812.4881025615937
c6,686.2725137446345
c7,89.70571303451837
