Parameter,Value
c1,0.17108182920509907
c2,1658.2252690037808
c3,0.033867084591432665
c4,0.5523700752940731
c5,1157.102936217666
c6,521.5330593973323
c7,2.688064574320692
