Parameter,Value
c1,1627.1985723434545
c2,0.0005530556263068724
c3,0.12010067598444954
