Parameter,Value
c1,0.8854885488548855
c2,942.0942094209421
c3,0.015661566156615663
c4,0.29992999299929995
c5,701.8701870187018
c6,303.4303430343034
c7,831.5831583158315
