Parameter,Value
c1,0.27292729272927296
c2,378.5678567856786
c3,0.09741974197419742
c4,0.47844784478447844
c5,1512.791279127913
c6,917.2817281728172
c7,959.9360936093609
