Parameter,Value
c1,0.1266126612661266
c2,333.033303330333
c3,0.0937993799379938
c4,0.41354135413541354
c5,1054.7054705470546
c6,955.6955695569557
c7,752.3752375237524
