Parameter,Value
c1,0.9097909790979098
c2,1260.06600660066
c3,0.014051405140514051
c4,0.11141114111411142
c5,1635.923592359236
c6,407.56075607560757
c7,931.6615661566157
