Parameter,Value
c1,0.41004100410041006
c2,1463.1463146314632
c3,0.0006700670067006701
c4,0.156015601560156
c5,946.8946894689468
c6,696.8696869686968
c7,835.2835283528352
