Parameter,Value
c1,0.6122182617852344
c2,1467.756526698511
c3,0.06163866221581785
c4,0.7080758322337048
c5,1794.02829969729
c6,628.8637491356396
c7,92.88842025062412
