Parameter,Value
c1,0.8976897689768977
c2,1665.166516651665
c3,0.06624662466246625
c4,0.34313431343134315
c5,1589.158915891589
c6,446.5446544654465
c7,914.3914391439143
