Parameter,Value
c1,1914.4144144144143
c2,0.0008486486486486487
c3,0.18333333333333335
