Parameter,Value
c1,0.06960696069606961
c2,1535.1535153515351
c3,0.0805980598059806
c4,0.1404140414041404
c5,1160.1160116011602
c6,211.42114211421142
c7,102.5102510251025
